vendor_code,name,description,brand,series,color,package_type,package_qty,minibox_qty,purpose,for_entry_doors,for_interior_doors,mounting_type,backset,center_distance,bolt_type,bolt_count,bolt_throw,bolt_diameter,mechanism_type,key_type,key_count,cylinder_included,cylinder_size,cylinder_material,lock_cylinder_hole,square_hole_size,plate_width,plate_height,plate_thickness,body_width,body_height,body_depth
00003304,Замок врезной Apecs 1026/60-G,"Описание серии Замки Apecs серии 10 - универсальные врезные замки под ручку и евроцилиндр для деревянных межкомнатных и входных дверей с межосевым расстоянием 61,5 мм.  
Замки имеют сертификат соответствия согласно ГОСТ 5089-2011. 
В замках 1023/60 и 1027/60 присутствует подшипник в узле ручки, обеспечивающий плавность хода и долгий ресурс службы.  
Рекомендуемая толщина двери: 35 - 40 мм. 
Рекомендуемый вес двери: до 50 кг.",Apecs,1026/60,G,box,16,,general,yes,yes,faceplate,40.0,61.5,cylindrical,3,18.0,12.0,cylindrical,flat key,5,included,30/30,brass,33x17,0.0,0.0,0.0,0.0,0.0,0.0,0.0
00011370,Замок врезной Apecs 6000-CR,"Описание серии Врезные замки для межкомнатных дверей. 
Рекомендации по использованию с другими товарами (приобретаются отдельно):  
- ручки дверные Avers H-0661; 
 - цилиндровый механизм или фиксатор Apecs, Avers WC-0608; 
- накладки пустые, сувальдные или цилиндровые Apecs, Avers серий 06. 
- ответная планка  Apecs BP-0045 или ответная планка Apecs BP-0068 (для дверей ""с четвертью"" - с притвором).",Apecs,6000,CR,pack,45,,interior doors with notch,no,yes,screws,45.0,72.0,classic/rectangular,,15.0,0.0,cylindrical,,,not included,,,33x17,0.0,0.0,0.0,0.0,0.0,0.0,0.0
00020395,Замок врезной противопожарный Apecs 3000-ZN,"Описание серии Противопожарные замки Apecs с межосевым расстоянием 72 мм предназначены для установки в сертифицированные деревянные и металлические противопожарные двери. 
Замки сертифицированы согласно российского ГОСТ  5089-2011 по 2 или 3 классу (в зависимости от модели). 
Основные особенности противопожарных замков:  
- оцинкованный стальной корпус; 
- механика не содержит легкоплавких деталей; 
- лицевая  планка выполнена из оцинкованной или  
нержавеющей стали. 
Рекомендации по использованию с другими товарами (приобретаются отдельно): 
- механизм секретности 2 или 3  класса согласно ГОСТ и выше (в зависимости от класса модели замка согласно ГОСТ); 
- ответные планки Apecs BP-1900, BP- 3000 или BP-8300 (в зависимости от модели замка); 
- ручки на планке Apecs под евроцилиндр с межосевым расстоянием 72 мм., 
-раздельные ручки в комплекте с накладками цилиндровыми - H-0203-BL (DP-C-02), совместно с переходником Apecs 8/9 мм.,( для замков 1900,2000,3000) 
- раздельные ручки Apecs H-02XX-INOX  с накладками цилиндровыми  Apecs DP-C-02-INOX совместно с переходником Apecs 8/9 мм. ( для замков 1900,2000,3000)",Apecs,3000,,pack,24,,fireproof,yes,,bolts,65.0,0.0,classic/rectangular,,14.0,0.0,cylindrical,,,not included,,,33x17,0.0,0.0,0.0,0.0,0.0,0.0,0.0
00015440,Замок врезной Apecs 1523/60-G,"Описание серии Замки Apecs серии 15 - универсальные врезные замки под ручку и евроцилиндр для деревянных межкомнатных и входных дверей с межосевым расстоянием 70 мм.  
Замки имеют сертификат соответствия согласно ГОСТ 5089-2011. 
Рекомендуемая толщина двери: 35 - 40 мм. 
Рекомендуемый вес двери: до 50 кг.",Apecs,1523/60,G,box,20,,general,yes,yes,faceplate,45.0,70.0,cylindrical,3,20.0,12.0,cylindrical,flat key,5,included,30/30,brass,33x17,0.0,0.0,0.0,0.0,0.0,0.0,0.0
00012081,Замок врезной Apecs 1330/60-AB,"Описание серии Замки Apecs серии 13 - универсальные врезные замки под ручку и евроцилиндр для деревянных и  металлических входных дверей с межосевым расстоянием 80 мм.  
Замки имеют сертификат соответствия согласно ГОСТ 5089-2011. 
Рекомендуемая толщина двери: 35 - 40 мм. 
Рекомендуемый вес двери: до 50 кг.",Apecs,1330/60,AB,box,16,,general,yes,yes,faceplate,40.0,80.0,classic/rectangular,,20.0,0.0,cylindrical,flat key,5,included,30/30,brass,33x17,0.0,0.0,0.0,0.0,0.0,0.0,0.0
00015580,Замок врезной Apecs 2223/60-CR,"Описание серии Замки Apecs серии 22 -  универсальные врезные замки под ручку и евроцилиндр для деревянных межкомнатных и входных дверей с межосевым расстоянием 85 мм.  
Замки имеют сертификат соответствия согласно ГОСТ 5089-2011. 
В замках серии 22 присутствует подшипник в узле ручки, обеспечивающий плавность хода и долгий ресурс службы.  
Рекомендуемая толщина двери: 35 - 40 мм. 
Рекомендуемый вес двери: до 50 кг.",Apecs,2223/60,CR,box,10,,general,yes,yes,faceplate,45.0,85.0,cylindrical,3,20.0,12.0,cylindrical,flat key,5,included,30/30,brass,33x17,0.0,0.0,0.0,0.0,0.0,0.0,0.0
00020328,Замок для роллет Apecs RSL-30x120,"Описание серии Накладной замок для роллет. Устанавливается в полотно рольставни, обычно в ее нижнюю панель.",Apecs,30,,pack,50,,roller shutter locks,,,,0.0,0.0,,,26.0,0.0,cylindrical,,3,,,,33x17,0.0,0.0,0.0,0.0,0.0,0.0,0.0
00020066,"Замок врезной сувальдный Avers R12/S6-CR (5 keys, shank 50mm)","Описание серии Врезные сувальдные замки для деревянных и легких металлических дверей, технических дверей, дверей подсобных помещений. Ответная планка и декоративные накладки на сувальдный ключ: в комплекте.",Avers,12/,CR,pack,40,,general,yes,no,faceplate,50.5,0.0,cylindrical,3,21.0,10.5,sdeadbolt with double bit,,5,,,,33x17,0.0,0.0,0.0,0.0,0.0,0.0,0.0
00025706,Замок врезной Apecs 7300-25-NIS,"Описание серии Врезные замки для дверей из алюминиевого профиля. 
Ассортимент представлен моделями с роликовым фиксатором (индекс ""R"")  и моделями под ручку с фалевой защелкой. Универсальная фалевая защелка. Роликовый фиксатор регулируется по вылету от 0 до 8 мм. 
Замки имеют сертификат соответствия согласно ГОСТ 5089-2011. 
Замки с фалевой защелкой комплектуются ответной планкой. 
Замки с роликовым фиксатором комплектуются ответной планкой и декоративными накладками на цилиндр. 
Рекомендации по использованию с другими товарами (приобретаются отдельно): 
- механизм секретности  2 класса согласно ГОСТ и выше; 
-  00017881 ручки дверные Apecs H-0903-INOX; 
- 00017882 накладки цилиндровые Apecs DP-C-09-INOX; 
- 00027547 ответная планка Apecs BP-7000-ZN.",Apecs,7300,NI,pack,30,,aluminum profile doors,yes,yes,faceplate,25.0,85.0,classic/rectangular,,15.0,0.0,cylindrical,,,not included,,,33x17,0.0,0.0,0.0,0.0,0.0,0.0,0.0
00028791,Замок врезной Avers T-0523-C-CR-L,"Описание серии Замки врезные  для входных металлических дверей. 
Замки T-0523-C-L/R - замки врезные для входных металлических дверей, с ручками на планке и дополнительной задвижкой, без цилиндрового механизма. Рекомендуемая толщина двери: 40 - 60 мм. 
Рекомендации по использованию с другими товарами (приобретаются отдельно): 
- цилиндровый механизм. 
Замок T-42 - замок врезной для легких входных металлических дверей под ручку и евроцилиндр.  
Рекомендации по использованию с другими товарами (приобретаются отдельно): 
- цилиндровый механизм; 
- ручки на планке под евроцилиндр с межосевым расстоянием 85 мм; 
- ручки раздельные совместно с цилиндровыми накладками: 
- ручки раздельные совместно с броненакладками или защитными накладками на цилиндровый механизм. 
Замок  T-47/S6-CR - замок врезной под сувальдный ключ.  
Рекомендации по использованию с другими товарами (приобретаются отдельно): 
- накладки сувальдные. 
Замок T-32 - замок врезной для входных металлических дверей под ручку и евроцилиндр.  
Рекомендации по использованию с другими товарами (приобретаются отдельно): 
- цилиндровый механизм; 
- ручки на планке под евроцилиндр с межосевым расстоянием 85 мм; 
- ручки раздельные совместно с цилиндровыми накладками: 
- ручки раздельные совместно с броненакладками или защитными накладками на цилиндровый механизм. 
Замок  T-37/S6-CR - замок врезной под сувальдный ключ.  
Рекомендации по использованию с другими товарами (приобретаются отдельно): 
- накладки сувальдные.",Avers,0523,CR,box,10,,general,yes,no,faceplate,60.0,80.0,cylindrical,3,25.0,18.0,cylindrical,,,not included,,,33x17,0.0,0.0,0.0,0.0,0.0,0.0,0.0
00011372,Замок врезной Apecs 6000-W,"Описание серии Врезные замки для межкомнатных дверей. 
Рекомендации по использованию с другими товарами (приобретаются отдельно):  
- ручки дверные Avers H-0661; 
 - цилиндровый механизм или фиксатор Apecs, Avers WC-0608; 
- накладки пустые, сувальдные или цилиндровые Apecs, Avers серий 06. 
- ответная планка  Apecs BP-0045 или ответная планка Apecs BP-0068 (для дверей ""с четвертью"" - с притвором).",Apecs,6000,,pack,45,,interior doors with notch,no,yes,screws,45.0,72.0,classic/rectangular,,15.0,0.0,cylindrical,,,not included,,,33x17,0.0,0.0,0.0,0.0,0.0,0.0,0.0
00016277,Замок врезной Apecs 95/60-G,"Описание серии Врезные замки без ручек под евроцилиндр для межкомнатных деревянных дверей, технических дверей, дверей подсобных помещений. 
Замки имеют сертификат соответствия 2 классу по ГОСТ 5089-2011. 
Ответная планка: в комплекте. 
Рекомендуемая толщина двери: 35-50 мм.",Apecs,95/60,G,box,28,,general,yes,yes,faceplate,40.0,0.0,classic/rectangular,,20.0,0.0,cylindrical,flat key,5,included,30/30,brass,33x17,0.0,0.0,0.0,0.0,0.0,0.0,0.0
00011368,Замок врезной Apecs 6000-G,"Описание серии Врезные замки для межкомнатных дверей. 
Рекомендации по использованию с другими товарами (приобретаются отдельно):  
- ручки дверные Avers H-0661; 
 - цилиндровый механизм или фиксатор Apecs, Avers WC-0608; 
- накладки пустые, сувальдные или цилиндровые Apecs, Avers серий 06. 
- ответная планка  Apecs BP-0045 или ответная планка Apecs BP-0068 (для дверей ""с четвертью"" - с притвором).",Apecs,6000,G,pack,45,,interior doors with notch,no,yes,screws,45.0,72.0,classic/rectangular,,15.0,0.0,cylindrical,,,not included,,,33x17,0.0,0.0,0.0,0.0,0.0,0.0,0.0
00017165,Замок врезной Apecs 2200/60-CR,"Описание серии Замки Apecs серии 22 -  универсальные врезные замки под ручку и евроцилиндр для деревянных межкомнатных и входных дверей с межосевым расстоянием 85 мм.  
Замки имеют сертификат соответствия согласно ГОСТ 5089-2011. 
В замках серии 22 присутствует подшипник в узле ручки, обеспечивающий плавность хода и долгий ресурс службы.  
Рекомендуемая толщина двери: 35 - 40 мм. 
Рекомендуемый вес двери: до 50 кг.",Apecs,2200/60,CR,box,28,,general,yes,yes,faceplate,45.0,85.0,cylindrical,3,20.0,12.0,cylindrical,flat key,5,included,30/30,brass,33x17,0.0,0.0,0.0,0.0,0.0,0.0,0.0
00016647,Замок врезной Apecs 7000-45-NI,"Описание серии Врезные замки для дверей из ПВХ профиля. 
Ассортимент представлен моделями с роликовым фиксатором (индекс ""R"")  и моделями под ручку с фалевой защелкой. 
Замки имеют сертификат соответствия согласно ГОСТ 5089-2011. 
Замки не комплектуются ответной планкой.  
Удаление ключевого отверстия (Backset): 25, 30, 35, 40 и 45 мм. 
В корпусах с Backset 35, 40, 45 мм имеются отверстия для крепления раздельных ручек стяжными винтами, посадочный размер 38 мм. 
Рекомендации по использованию с другими товарами (приобретаются отдельно): 
- механизм секретности  2 класса согласно ГОСТ и выше; 
- 00016666 ручки на планке Apecs HP-92.7005-W; 
- 00016992 ручки дверные Apecs H-0931-W; 
- 00016822 накладки цилиндровые Apecs DP-C-09-W; 
- 00017881 ручки дверные Apecs H-0903-INOX 
- 00017882 накладки цилиндровые Apecs DP-C-09-INOX; 
- 00027547 ответная планка Apecs BP-7000-ZN.",Apecs,7000,NI,pack,30,,PVC profile doors,yes,yes,faceplate,45.0,92.0,classic/rectangular,,20.0,0.0,cylindrical,,,not included,,,33x17,0.0,0.0,0.0,0.0,0.0,0.0,0.0
00017200,Замок врезной Avers 0823/60-AB,"Описание серии Врезные замки Avers серии 08 с ручками на планке и цилиндровым механизмом уменьшенного профиля 29,5 мм для легких деревянных дверей малой проходимости, с межосевым расстоянием 50 мм.  
Материал ручек на планке и цилиндрового механизма: алюминий. 
Рекомендуемая толщина двери: не более 36 мм. 
При необходимости замены цилиндра, рекомендуем приобрести цилиндровый механизм Avers серии LL.",Avers,0823/60,AB,box,24,,general,no,yes,faceplate,40.0,50.0,classic/rectangular,,16.0,0.0,cylindrical,flat key,5,included,30/30,aluminum,33x17,0.0,0.0,0.0,0.0,0.0,0.0,0.0
00028072,Замок врезной Avers 1223/60-AB,"Описание серии Замки Avers серии 12 - универсальные врезные замки под ручку и евроцилиндр для деревянных межкомнатных и входных дверей с межосевым расстоянием 70 мм.  
Рекомендуемая толщина двери: 35 - 40 мм. 
Рекомендуемый вес двери: до 40 кг.",Avers,1223/60,AB,box,20,,general,yes,yes,faceplate,40.0,70.0,classic/rectangular,,20.0,0.0,cylindrical,flat key,5,included,30/30,ZAMAK,33x17,0.0,0.0,0.0,0.0,0.0,0.0,0.0
00016815,Замок врезной Apecs 1223/60-AC,"Описание серии Замки Apecs серии 12 - универсальные врезные замки под ручку и евроцилиндр для деревянных межкомнатных и входных дверей с межосевым расстоянием 70 мм.  
Замки имеют сертификат соответствия согласно ГОСТ 5089-2011. 
Рекомендуемая толщина двери: 35 - 40 мм. 
Рекомендуемый вес двери: до 40 кг.",Apecs,1223/60,AC,box,20,,general,yes,yes,faceplate,40.0,70.0,classic/rectangular,,20.0,0.0,cylindrical,flat key,5,included,30/30,brass,33x17,0.0,0.0,0.0,0.0,0.0,0.0,0.0
00017576,Замок врезной Apecs 2227/60-G/GM,"Описание серии Замки Apecs серии 22 -  универсальные врезные замки под ручку и евроцилиндр для деревянных межкомнатных и входных дверей с межосевым расстоянием 85 мм.  
Замки имеют сертификат соответствия согласно ГОСТ 5089-2011. 
В замках серии 22 присутствует подшипник в узле ручки, обеспечивающий плавность хода и долгий ресурс службы.  
Рекомендуемая толщина двери: 35 - 40 мм. 
Рекомендуемый вес двери: до 50 кг.",Apecs,2227/60,G,box,10,,general,yes,yes,faceplate,45.0,85.0,cylindrical,3,20.0,12.0,cylindrical,flat key,5,included,30/30,brass,33x17,0.0,0.0,0.0,0.0,0.0,0.0,0.0
00017398,Замок врезной Apecs 1523/60-CR,"Описание серии Замки Apecs серии 15 - универсальные врезные замки под ручку и евроцилиндр для деревянных межкомнатных и входных дверей с межосевым расстоянием 70 мм.  
Замки имеют сертификат соответствия согласно ГОСТ 5089-2011. 
Рекомендуемая толщина двери: 35 - 40 мм. 
Рекомендуемый вес двери: до 50 кг.",Apecs,1523/60,CR,box,20,,general,yes,yes,faceplate,45.0,70.0,cylindrical,3,20.0,12.0,cylindrical,flat key,5,included,30/30,brass,33x17,0.0,0.0,0.0,0.0,0.0,0.0,0.0
00016819,Замок врезной Apecs 1227/60-AB,"Описание серии Замки Apecs серии 12 - универсальные врезные замки под ручку и евроцилиндр для деревянных межкомнатных и входных дверей с межосевым расстоянием 70 мм.  
Замки имеют сертификат соответствия согласно ГОСТ 5089-2011. 
Рекомендуемая толщина двери: 35 - 40 мм. 
Рекомендуемый вес двери: до 40 кг.",Apecs,1227/60,AB,box,20,,general,yes,yes,faceplate,40.0,70.0,classic/rectangular,,20.0,0.0,cylindrical,flat key,5,included,30/30,brass,33x17,0.0,0.0,0.0,0.0,0.0,0.0,0.0
00016643,Замок врезной Apecs 7000-25-NI,"Описание серии Врезные замки для дверей из ПВХ профиля. 
Ассортимент представлен моделями с роликовым фиксатором (индекс ""R"")  и моделями под ручку с фалевой защелкой. 
Замки имеют сертификат соответствия согласно ГОСТ 5089-2011. 
Замки не комплектуются ответной планкой.  
Удаление ключевого отверстия (Backset): 25, 30, 35, 40 и 45 мм. 
В корпусах с Backset 35, 40, 45 мм имеются отверстия для крепления раздельных ручек стяжными винтами, посадочный размер 38 мм. 
Рекомендации по использованию с другими товарами (приобретаются отдельно): 
- механизм секретности  2 класса согласно ГОСТ и выше; 
- 00016666 ручки на планке Apecs HP-92.7005-W; 
- 00016992 ручки дверные Apecs H-0931-W; 
- 00016822 накладки цилиндровые Apecs DP-C-09-W; 
- 00017881 ручки дверные Apecs H-0903-INOX 
- 00017882 накладки цилиндровые Apecs DP-C-09-INOX; 
- 00027547 ответная планка Apecs BP-7000-ZN.",Apecs,7000,NI,pack,30,,PVC profile doors,yes,yes,faceplate,25.0,92.0,classic/rectangular,,20.0,0.0,cylindrical,,,not included,,,33x17,0.0,0.0,0.0,0.0,0.0,0.0,0.0
00002874,Замок врезной Apecs 1226/60-CR,"Описание серии Замки Apecs серии 12 - универсальные врезные замки под ручку и евроцилиндр для деревянных межкомнатных и входных дверей с межосевым расстоянием 70 мм.  
Замки имеют сертификат соответствия согласно ГОСТ 5089-2011. 
Рекомендуемая толщина двери: 35 - 40 мм. 
Рекомендуемый вес двери: до 40 кг.",Apecs,1226/60,CR,box,16,,general,yes,yes,faceplate,40.0,70.0,classic/rectangular,,20.0,0.0,cylindrical,flat key,5,included,30/30,brass,33x17,0.0,0.0,0.0,0.0,0.0,0.0,0.0
00017577,Замок врезной Apecs 2227/60-NI/NIS,"Описание серии Замки Apecs серии 22 -  универсальные врезные замки под ручку и евроцилиндр для деревянных межкомнатных и входных дверей с межосевым расстоянием 85 мм.  
Замки имеют сертификат соответствия согласно ГОСТ 5089-2011. 
В замках серии 22 присутствует подшипник в узле ручки, обеспечивающий плавность хода и долгий ресурс службы.  
Рекомендуемая толщина двери: 35 - 40 мм. 
Рекомендуемый вес двери: до 50 кг.",Apecs,2227/60,NI,box,10,,general,yes,yes,faceplate,45.0,85.0,cylindrical,3,20.0,12.0,cylindrical,flat key,5,included,30/30,brass,33x17,0.0,0.0,0.0,0.0,0.0,0.0,0.0
00003171,Замок врезной Apecs 1026/60-CR,"Описание серии Замки Apecs серии 10 - универсальные врезные замки под ручку и евроцилиндр для деревянных межкомнатных и входных дверей с межосевым расстоянием 61,5 мм.  
Замки имеют сертификат соответствия согласно ГОСТ 5089-2011. 
В замках 1023/60 и 1027/60 присутствует подшипник в узле ручки, обеспечивающий плавность хода и долгий ресурс службы.  
Рекомендуемая толщина двери: 35 - 40 мм. 
Рекомендуемый вес двери: до 50 кг.",Apecs,1026/60,CR,box,16,,general,yes,yes,faceplate,40.0,61.5,cylindrical,3,18.0,12.0,cylindrical,flat key,5,included,30/30,brass,33x17,0.0,0.0,0.0,0.0,0.0,0.0,0.0
00017400,Замок врезной Apecs 1527/60-NI/NIS,"Описание серии Замки Apecs серии 15 - универсальные врезные замки под ручку и евроцилиндр для деревянных межкомнатных и входных дверей с межосевым расстоянием 70 мм.  
Замки имеют сертификат соответствия согласно ГОСТ 5089-2011. 
Рекомендуемая толщина двери: 35 - 40 мм. 
Рекомендуемый вес двери: до 50 кг.",Apecs,1527/60,NI,box,20,,general,yes,yes,faceplate,45.0,70.0,cylindrical,3,20.0,12.0,cylindrical,flat key,5,included,30/30,brass,33x17,0.0,0.0,0.0,0.0,0.0,0.0,0.0
00015578,Замок врезной Apecs 1223/60-CR,"Описание серии Замки Apecs серии 12 - универсальные врезные замки под ручку и евроцилиндр для деревянных межкомнатных и входных дверей с межосевым расстоянием 70 мм.  
Замки имеют сертификат соответствия согласно ГОСТ 5089-2011. 
Рекомендуемая толщина двери: 35 - 40 мм. 
Рекомендуемый вес двери: до 40 кг.",Apecs,1223/60,CR,box,20,,general,yes,yes,faceplate,40.0,70.0,classic/rectangular,,20.0,0.0,cylindrical,flat key,5,included,30/30,brass,33x17,0.0,0.0,0.0,0.0,0.0,0.0,0.0
00016814,Замок врезной Apecs 1223/60-AB,"Описание серии Замки Apecs серии 12 - универсальные врезные замки под ручку и евроцилиндр для деревянных межкомнатных и входных дверей с межосевым расстоянием 70 мм.  
Замки имеют сертификат соответствия согласно ГОСТ 5089-2011. 
Рекомендуемая толщина двери: 35 - 40 мм. 
Рекомендуемый вес двери: до 40 кг.",Apecs,1223/60,AB,box,20,,general,yes,yes,faceplate,40.0,70.0,classic/rectangular,,20.0,0.0,cylindrical,flat key,5,included,30/30,brass,33x17,0.0,0.0,0.0,0.0,0.0,0.0,0.0
00017628,"Замок врезной Apecs T-52-CR (w/o BP, w/o DP)","Описание серии Надёжные сувальдные и цилиндровые замки Apecs серий T-52, T-52/S8, T-05, T-05-C и T-0523-C для металлических входных дверей. 
Замки имеют сертификат соответствия согласно ГОСТ 5089-2011. 
Рекомендуемая толщина двери для замков, укомплектованных ручками на планке T-0523-C: 40 - 60 мм. 
В замках T-05, T-05-C, T-52, T-52/S8 присутствует подшипник в узле ручки, обеспечивающий плавность хода и долгий ресурс службы.  
Рекомендации по использованию с другими товарами (приобретаются отдельно): 
- для T-05, T-05-C, T-52 и T-0523-C: механизм секретности  3 класса согласно ГОСТ и выше; 
- для T-52, T-05: ручки на планке под  евроцилиндр с межосевым расстоянием 85 мм или ручки дверные раздельные совместно с накладками на цилиндр DP-C; 
- для T-05-C - поворотник для задвижки с квадратом сечения 6 мм, ручки дверные раздельные совместно с накладками на цилиндр DP-C; 
- для T-52/S8 - ручки на планке под сувальдный ключ co шторкой  с межосевым расстоянием 85 мм - HP-85.0423-S или ручки дверные раздельные совместно с накладками сувальдными со шторкой и без шторки.",Apecs,52,CR,box,12,,general,yes,no,faceplate,60.0,85.0,cylindrical,3,24.0,16.0,cylindrical,,,not included,,,33x17,0.0,0.0,0.0,0.0,0.0,0.0,0.0
00028087,Замок врезной Avers 2210/60-G,"Описание серии Замки Avers серии 22 -  универсальные врезные замки под ручку и евроцилиндр для деревянных межкомнатных и входных дверей с межосевым расстоянием 85 мм. В замках 22 серии присутствует подшипник в узле ручки, обеспечивающий плавность хода и долгий ресурс службы. 
Рекомендуемая толщина двери: 
- для замков 2210/60 - 35 - 40 мм; 
- для замков 2223/70 и 2226/70 - 35 - 50 мм. 
Рекомендуемый вес двери: до 50 кг.",Avers,2210/60,G,box,10,,general,yes,yes,faceplate,45.0,85.0,cylindrical,3,20.0,12.0,cylindrical,flat key,5,included,30/30,ZAMAK,33x17,0.0,0.0,0.0,0.0,0.0,0.0,0.0
00013916,Замок врезной Apecs 1601-CR,"Описание серии Замки Apecs серии 16 - универсальные врезные замки под ручку и евроцилиндр для деревянных и  металлических входных дверей с межосевым расстоянием 55 мм. 
По посадочным размерам замки 16 серии подходят для замены замков ДААЗ, Зенит ЗВ4-3.1 (04,06) и замков Меттем с межосевым расстоянием 55 мм. 
Замки имеют сертификат соответствия согласно ГОСТ 5089-2011. 
Рекомендуемая толщина двери: 40 - 60 мм. 
Рекомендации по использованию с другими товарами: 
- механизм секретности  3 класса согласно ГОСТ и выше.",Apecs,1601,CR,box,12,,general,yes,yes,faceplate,55.0,55.0,classic/rectangular,,20.0,0.0,cylindrical,,,not included,,,33x17,0.0,0.0,0.0,0.0,0.0,0.0,0.0
00017952,Замок врезной Apecs 7600-25-R-NI,"Описание серии Врезные замки с падающим ригелем для дверей из алюминиевого профиля. 
Замки представлены с роликовым фиксатором (индекс R) и фалевой защелкой. Универсальная фалевая защелка. 
Замки имеют сертификат соответствия согласно ГОСТ 5089-2011. 
Замки с фалевой защелкой комплектуются ответной планкой. 
Замки с роликовым фиксатором комплектуются ответной планкой и декоративными накладками на цилиндр. 
Рекомендации по использованию с другими товарами (приобретаются отдельно): 
- механизм секретности  2 класса согласно ГОСТ и выше; 
- 00017881 ручки дверные Apecs H-0903-INOX; 
- 00017882 накладки цилиндровые Apecs DP-C-09-INOX; 
- 00027547 ответная планка Apecs BP-7000-ZN.",Apecs,7600,NI,pack,30,,aluminum profile doors,yes,yes,faceplate,25.0,0.0,Падающий,,23.0,0.0,cylindrical,,,not included,,,33x17,0.0,0.0,0.0,0.0,0.0,0.0,0.0
00016950,Замок врезной Apecs 1423-AB,"Описание серии Замки Apecs серии 14 - универсальные врезные замки под ручку и евроцилиндр для деревянных и  металлических входных дверей с межосевым расстоянием 58,5 мм. По посадочным размерам замки 14 серия подходят для замены замков ТНП25-0004 (Барановичи-ШО-25) и их аналогов. 
Замки имеют сертификат соответствия согласно ГОСТ 5089-2011. 
Рекомендуемая толщина двери: 40 - 60 мм. 
Рекомендации по использованию с другими товарами: 
- механизм секретности  3 класса согласно ГОСТ и выше; 
- ответная планка Apecs BP-1425 при установке замка в деревянные двери.",Apecs,1423,AB,box,12,,general,yes,yes,faceplate,55.0,58.5,classic/rectangular,,20.0,0.0,cylindrical,,,not included,,,33x17,0.0,0.0,0.0,0.0,0.0,0.0,0.0
00006325,Замок врезной Apecs 1000/60-G,"Описание серии Замки Apecs серии 10 - универсальные врезные замки под ручку и евроцилиндр для деревянных межкомнатных и входных дверей с межосевым расстоянием 61,5 мм.  
Замки имеют сертификат соответствия согласно ГОСТ 5089-2011. 
В замках 1023/60 и 1027/60 присутствует подшипник в узле ручки, обеспечивающий плавность хода и долгий ресурс службы.  
Рекомендуемая толщина двери: 35 - 40 мм. 
Рекомендуемый вес двери: до 50 кг.",Apecs,1000/60,G,box,28,,general,yes,yes,faceplate,40.0,61.5,cylindrical,3,18.0,12.0,cylindrical,flat key,5,included,30/30,brass,33x17,0.0,0.0,0.0,0.0,0.0,0.0,0.0
00016946,Замок врезной Apecs 1323/60-AB,"Описание серии Замки Apecs серии 13 - универсальные врезные замки под ручку и евроцилиндр для деревянных и  металлических входных дверей с межосевым расстоянием 80 мм.  
Замки имеют сертификат соответствия согласно ГОСТ 5089-2011. 
Рекомендуемая толщина двери: 35 - 40 мм. 
Рекомендуемый вес двери: до 50 кг.",Apecs,1323/60,AB,box,16,,general,yes,yes,faceplate,40.0,80.0,classic/rectangular,,20.0,0.0,cylindrical,flat key,5,included,30/30,brass,33x17,0.0,0.0,0.0,0.0,0.0,0.0,0.0
00032801,Замок врезной противопожарный Avers 2000-ZN-RE (B2B),,Avers,2000,,pack,24,,fireproof,yes,,bolts,65.0,72.0,classic/rectangular,,14.0,0.0,cylindrical,,,not included,,,33x17,0.0,0.0,0.0,0.0,0.0,0.0,0.0
00025711,Замок врезной Apecs 7300-35-R-NIS,"Описание серии Врезные замки для дверей из алюминиевого профиля. 
Ассортимент представлен моделями с роликовым фиксатором (индекс ""R"")  и моделями под ручку с фалевой защелкой. Универсальная фалевая защелка. Роликовый фиксатор регулируется по вылету от 0 до 8 мм. 
Замки имеют сертификат соответствия согласно ГОСТ 5089-2011. 
Замки с фалевой защелкой комплектуются ответной планкой. 
Замки с роликовым фиксатором комплектуются ответной планкой и декоративными накладками на цилиндр. 
Рекомендации по использованию с другими товарами (приобретаются отдельно): 
- механизм секретности  2 класса согласно ГОСТ и выше; 
-  00017881 ручки дверные Apecs H-0903-INOX; 
- 00017882 накладки цилиндровые Apecs DP-C-09-INOX; 
- 00027547 ответная планка Apecs BP-7000-ZN.",Apecs,7300,NI,pack,30,,aluminum profile doors,yes,yes,faceplate,35.0,0.0,classic/rectangular,,15.0,0.0,cylindrical,,,not included,,,33x17,0.0,0.0,0.0,0.0,0.0,0.0,0.0
00028079,Замок врезной Avers 1523/60-CR,"Описание серии Замки Avers серии 15 - универсальные врезные замки под ручку и евроцилиндр для деревянных межкомнатных и входных дверей с межосевым расстоянием 70 мм.  
Рекомендуемая толщина двери: 35 - 40 мм. 
Рекомендуемый вес двери: до 50 кг.",Avers,1523/60,CR,box,20,,general,yes,yes,faceplate,45.0,70.0,cylindrical,3,20.0,12.0,cylindrical,flat key,5,included,30/30,ZAMAK,33x17,0.0,0.0,0.0,0.0,0.0,0.0,0.0
00031774,Замок врезной противопожарный Apecs 8300-INOX (B2B),"Описание серии Противопожарные замки Apecs с межосевым расстоянием 72 мм предназначены для установки в сертифицированные деревянные и металлические противопожарные двери. 
Замки сертифицированы согласно российского ГОСТ  5089-2011 по 2 или 3 классу (в зависимости от модели). 
Основные особенности противопожарных замков:  
- оцинкованный стальной корпус; 
- механика не содержит легкоплавких деталей; 
- лицевая  планка выполнена из оцинкованной или  
нержавеющей стали. 
Рекомендации по использованию с другими товарами (приобретаются отдельно): 
- механизм секретности 2 или 3  класса согласно ГОСТ и выше (в зависимости от класса модели замка согласно ГОСТ); 
- ответные планки Apecs BP-1900, BP- 3000 или BP-8300 (в зависимости от модели замка); 
- ручки на планке Apecs под евроцилиндр с межосевым расстоянием 72 мм., 
-раздельные ручки в комплекте с накладками цилиндровыми - H-0203-BL (DP-C-02), совместно с переходником Apecs 8/9 мм.,( для замков 1900,2000,3000) 
- раздельные ручки Apecs H-02XX-INOX  с накладками цилиндровыми  Apecs DP-C-02-INOX совместно с переходником Apecs 8/9 мм. ( для замков 1900,2000,3000)",Apecs,8300,,pack,20,,fireproof,yes,,faceplate,55.0,72.0,classic/rectangular,,20.0,0.0,cylindrical,,,not included,,,33x17,0.0,0.0,0.0,0.0,0.0,0.0,0.0
00012082,Замок врезной Apecs 1330/60-AC,"Описание серии Замки Apecs серии 13 - универсальные врезные замки под ручку и евроцилиндр для деревянных и  металлических входных дверей с межосевым расстоянием 80 мм.  
Замки имеют сертификат соответствия согласно ГОСТ 5089-2011. 
Рекомендуемая толщина двери: 35 - 40 мм. 
Рекомендуемый вес двери: до 50 кг.",Apecs,1330/60,AC,box,16,,general,yes,yes,faceplate,40.0,80.0,classic/rectangular,,20.0,0.0,cylindrical,flat key,5,included,30/30,brass,33x17,0.0,0.0,0.0,0.0,0.0,0.0,0.0
00020748,Замок врезной сувальдный Avers ЗВ9-4-1-4 (белый),,Avers,9,,box,10,,general,,yes,faceplate,55.0,55.0,cylindrical,3,23.0,12.0,sdeadbolt with double bit,,3,,,,33x17,0.0,0.0,0.0,0.0,0.0,0.0,0.0
00033844,"Замок врезной Avers T-32-CR (w/o BP, w/o DP)","Описание серии Замки врезные  для входных металлических дверей. 
Замки T-0523-C-L/R - замки врезные для входных металлических дверей, с ручками на планке и дополнительной задвижкой, без цилиндрового механизма. Рекомендуемая толщина двери: 40 - 60 мм. 
Рекомендации по использованию с другими товарами (приобретаются отдельно): 
- цилиндровый механизм. 
Замок T-42 - замок врезной для легких входных металлических дверей под ручку и евроцилиндр.  
Рекомендации по использованию с другими товарами (приобретаются отдельно): 
- цилиндровый механизм; 
- ручки на планке под евроцилиндр с межосевым расстоянием 85 мм; 
- ручки раздельные совместно с цилиндровыми накладками: 
- ручки раздельные совместно с броненакладками или защитными накладками на цилиндровый механизм. 
Замок  T-47/S6-CR - замок врезной под сувальдный ключ.  
Рекомендации по использованию с другими товарами (приобретаются отдельно): 
- накладки сувальдные. 
Замок T-32 - замок врезной для входных металлических дверей под ручку и евроцилиндр.  
Рекомендации по использованию с другими товарами (приобретаются отдельно): 
- цилиндровый механизм; 
- ручки на планке под евроцилиндр с межосевым расстоянием 85 мм; 
- ручки раздельные совместно с цилиндровыми накладками: 
- ручки раздельные совместно с броненакладками или защитными накладками на цилиндровый механизм. 
Замок  T-37/S6-CR - замок врезной под сувальдный ключ.  
Рекомендации по использованию с другими товарами (приобретаются отдельно): 
- накладки сувальдные.",Avers,32,CR,box,20,,general,yes,no,faceplate,68.0,85.0,cylindrical,3,26.0,16.0,cylindrical,,,not included,,,33x17,0.0,0.0,0.0,0.0,0.0,0.0,0.0
00016278,Замок врезной Apecs 95/60-CR,"Описание серии Врезные замки без ручек под евроцилиндр для межкомнатных деревянных дверей, технических дверей, дверей подсобных помещений. 
Замки имеют сертификат соответствия 2 классу по ГОСТ 5089-2011. 
Ответная планка: в комплекте. 
Рекомендуемая толщина двери: 35-50 мм.",Apecs,95/60,CR,box,28,,general,yes,yes,faceplate,40.0,0.0,classic/rectangular,,20.0,0.0,cylindrical,flat key,5,included,30/30,brass,33x17,0.0,0.0,0.0,0.0,0.0,0.0,0.0
00011287,Замок врезной Apecs T-0523-C-G-R,"Описание серии Надёжные сувальдные и цилиндровые замки Apecs серий T-52, T-52/S8, T-05, T-05-C и T-0523-C для металлических входных дверей. 
Замки имеют сертификат соответствия согласно ГОСТ 5089-2011. 
Рекомендуемая толщина двери для замков, укомплектованных ручками на планке T-0523-C: 40 - 60 мм. 
В замках T-05, T-05-C, T-52, T-52/S8 присутствует подшипник в узле ручки, обеспечивающий плавность хода и долгий ресурс службы.  
Рекомендации по использованию с другими товарами (приобретаются отдельно): 
- для T-05, T-05-C, T-52 и T-0523-C: механизм секретности  3 класса согласно ГОСТ и выше; 
- для T-52, T-05: ручки на планке под  евроцилиндр с межосевым расстоянием 85 мм или ручки дверные раздельные совместно с накладками на цилиндр DP-C; 
- для T-05-C - поворотник для задвижки с квадратом сечения 6 мм, ручки дверные раздельные совместно с накладками на цилиндр DP-C; 
- для T-52/S8 - ручки на планке под сувальдный ключ co шторкой  с межосевым расстоянием 85 мм - HP-85.0423-S или ручки дверные раздельные совместно с накладками сувальдными со шторкой и без шторки.",Apecs,0523,G,box,10,,general,yes,no,faceplate,60.0,80.0,cylindrical,3,24.0,18.0,cylindrical,,,not included,,,33x17,0.0,0.0,0.0,0.0,0.0,0.0,0.0
00025709,Замок врезной Apecs 7300-30-R-NIS,"Описание серии Врезные замки для дверей из алюминиевого профиля. 
Ассортимент представлен моделями с роликовым фиксатором (индекс ""R"")  и моделями под ручку с фалевой защелкой. Универсальная фалевая защелка. Роликовый фиксатор регулируется по вылету от 0 до 8 мм. 
Замки имеют сертификат соответствия согласно ГОСТ 5089-2011. 
Замки с фалевой защелкой комплектуются ответной планкой. 
Замки с роликовым фиксатором комплектуются ответной планкой и декоративными накладками на цилиндр. 
Рекомендации по использованию с другими товарами (приобретаются отдельно): 
- механизм секретности  2 класса согласно ГОСТ и выше; 
-  00017881 ручки дверные Apecs H-0903-INOX; 
- 00017882 накладки цилиндровые Apecs DP-C-09-INOX; 
- 00027547 ответная планка Apecs BP-7000-ZN.",Apecs,7300,NI,pack,30,,aluminum profile doors,yes,yes,faceplate,30.0,0.0,classic/rectangular,,15.0,0.0,cylindrical,,,not included,,,33x17,0.0,0.0,0.0,0.0,0.0,0.0,0.0
00016948,Замок врезной Apecs 2223/60-AB,"Описание серии Замки Apecs серии 22 -  универсальные врезные замки под ручку и евроцилиндр для деревянных межкомнатных и входных дверей с межосевым расстоянием 85 мм.  
Замки имеют сертификат соответствия согласно ГОСТ 5089-2011. 
В замках серии 22 присутствует подшипник в узле ручки, обеспечивающий плавность хода и долгий ресурс службы.  
Рекомендуемая толщина двери: 35 - 40 мм. 
Рекомендуемый вес двери: до 50 кг.",Apecs,2223/60,AB,box,10,,general,yes,yes,faceplate,45.0,85.0,cylindrical,3,20.0,12.0,cylindrical,flat key,5,included,30/30,brass,33x17,0.0,0.0,0.0,0.0,0.0,0.0,0.0
00017401,Замок врезной Apecs 1527/60-G/GM,"Описание серии Замки Apecs серии 15 - универсальные врезные замки под ручку и евроцилиндр для деревянных межкомнатных и входных дверей с межосевым расстоянием 70 мм.  
Замки имеют сертификат соответствия согласно ГОСТ 5089-2011. 
Рекомендуемая толщина двери: 35 - 40 мм. 
Рекомендуемый вес двери: до 50 кг.",Apecs,1527/60,G,box,20,,general,yes,yes,faceplate,45.0,70.0,cylindrical,3,20.0,12.0,cylindrical,flat key,5,included,30/30,brass,33x17,0.0,0.0,0.0,0.0,0.0,0.0,0.0
00017207,Замок врезной Avers 0823/60-C-NI,"Описание серии Врезные замки Avers серии 08 с ручками на планке и цилиндровым механизмом уменьшенного профиля 29,5 мм для легких деревянных дверей малой проходимости, с межосевым расстоянием 50 мм.  
Материал ручек на планке и цилиндрового механизма: алюминий. 
Рекомендуемая толщина двери: не более 36 мм. 
При необходимости замены цилиндра, рекомендуем приобрести цилиндровый механизм Avers серии LL.",Avers,0823/60,NI,box,24,,general,no,yes,faceplate,40.0,50.0,classic/rectangular,,16.0,0.0,cylindrical,flat key,5,included,30/30,aluminum,33x17,0.0,0.0,0.0,0.0,0.0,0.0,0.0
00028071,Замок врезной Avers 1023/60-G,"Описание серии Замки Avers серии 10 - универсальные врезные замки под ручку и евроцилиндр для деревянных межкомнатных и входных дверей с межосевым расстоянием 61,5 мм.  
В корпусе замка присутствует подшипник в узле ручки, обеспечивающий плавность хода и долгий ресурс службы.  
Рекомендуемая толщина двери: 35 - 40 мм. 
Рекомендуемый вес двери: до 50 кг.",Avers,1023/60,G,box,20,,general,yes,yes,faceplate,40.0,61.5,cylindrical,3,18.0,12.0,cylindrical,flat key,5,included,30/30,ZAMAK,33x17,0.0,0.0,0.0,0.0,0.0,0.0,0.0
00011447,Замок врезной Apecs 1425-CR,"Описание серии Замки Apecs серии 14 - универсальные врезные замки под ручку и евроцилиндр для деревянных и  металлических входных дверей с межосевым расстоянием 58,5 мм. По посадочным размерам замки 14 серия подходят для замены замков ТНП25-0004 (Барановичи-ШО-25) и их аналогов. 
Замки имеют сертификат соответствия согласно ГОСТ 5089-2011. 
Рекомендуемая толщина двери: 40 - 60 мм. 
Рекомендации по использованию с другими товарами: 
- механизм секретности  3 класса согласно ГОСТ и выше; 
- ответная планка Apecs BP-1425 при установке замка в деревянные двери.",Apecs,1425,CR,box,12,,general,yes,yes,faceplate,55.0,58.5,classic/rectangular,,20.0,0.0,cylindrical,,,not included,,,33x17,0.0,0.0,0.0,0.0,0.0,0.0,0.0
00016813,Замок врезной Apecs 1023/60-AC,"Описание серии Замки Apecs серии 10 - универсальные врезные замки под ручку и евроцилиндр для деревянных межкомнатных и входных дверей с межосевым расстоянием 61,5 мм.  
Замки имеют сертификат соответствия согласно ГОСТ 5089-2011. 
В замках 1023/60 и 1027/60 присутствует подшипник в узле ручки, обеспечивающий плавность хода и долгий ресурс службы.  
Рекомендуемая толщина двери: 35 - 40 мм. 
Рекомендуемый вес двери: до 50 кг.",Apecs,1023/60,AC,box,20,,general,yes,yes,faceplate,40.0,61.5,cylindrical,3,18.0,12.0,cylindrical,flat key,5,included,30/30,brass,33x17,0.0,0.0,0.0,0.0,0.0,0.0,0.0
00017201,Замок врезной Avers 0823/60-AC,"Описание серии Врезные замки Avers серии 08 с ручками на планке и цилиндровым механизмом уменьшенного профиля 29,5 мм для легких деревянных дверей малой проходимости, с межосевым расстоянием 50 мм.  
Материал ручек на планке и цилиндрового механизма: алюминий. 
Рекомендуемая толщина двери: не более 36 мм. 
При необходимости замены цилиндра, рекомендуем приобрести цилиндровый механизм Avers серии LL.",Avers,0823/60,AC,box,24,,general,no,yes,faceplate,40.0,50.0,classic/rectangular,,16.0,0.0,cylindrical,flat key,5,included,30/30,aluminum,33x17,0.0,0.0,0.0,0.0,0.0,0.0,0.0
00028090,Замок врезной Avers 2223/70-CR,"Описание серии Замки Avers серии 22 -  универсальные врезные замки под ручку и евроцилиндр для деревянных межкомнатных и входных дверей с межосевым расстоянием 85 мм. В замках 22 серии присутствует подшипник в узле ручки, обеспечивающий плавность хода и долгий ресурс службы. 
Рекомендуемая толщина двери: 
- для замков 2210/60 - 35 - 40 мм; 
- для замков 2223/70 и 2226/70 - 35 - 50 мм. 
Рекомендуемый вес двери: до 50 кг.",Avers,2223/70,CR,box,10,,general,yes,yes,faceplate,45.0,85.0,cylindrical,3,20.0,12.0,cylindrical,flat key,5,included,35/35,ZAMAK,33x17,0.0,0.0,0.0,0.0,0.0,0.0,0.0
00000056,Замок врезной Apecs 94-H/60-CR,"Описание серии Врезные замки без ручек под евроцилиндр для межкомнатных деревянных дверей, технических дверей, дверей подсобных помещений. 
Замки имеют сертификат соответствия 2 классу по ГОСТ 5089-2011. 
Ответная планка: в комплекте. 
Рекомендуемая толщина двери: 35-50 мм.",Apecs,94,CR,box,28,,general,yes,yes,faceplate,40.0,0.0,Противоотжимный,,20.0,0.0,cylindrical,flat key,5,included,30/30,brass,33x17,0.0,0.0,0.0,0.0,0.0,0.0,0.0
00022561,Замок врезной противопожарный Avers 2000-ZN,"Описание серии Противопожарные замки Avers с межосевым расстоянием 72 мм предназначены для установки в сертифицированные деревянные и металлические противопожарные двери. 
Основные особенности противопожарных замков Avers:  
- оцинкованный стальной корпус; 
- механика не содержит легкоплавких деталей; 
- лицевая планка выполнена из оцинкованной стали. 
Рекомендации по использованию с другими товарами (приобретаются отдельно): 
- цилиндровый механизм; 
- ответная планка Apecs BP- 3000; 
- ручки на планке Avers/Apecs под евроцилиндр с межосевым расстоянием 72 мм/раздельные ручки в комплекте с накладками цилиндровыми - Apecs H-0203-BL (DP-C-02), совместно с переходником Apecs 8/9 мм/ раздельные ручки Apecs H-02XX-INOX  с накладками цилиндровыми  Apecs DP-C-02-INOX совместно с переходником Apecs 8/9 мм.",Avers,2000,,pack,24,,fireproof,yes,,bolts,65.0,72.0,classic/rectangular,,14.0,0.0,cylindrical,,,not included,,,33x17,0.0,0.0,0.0,0.0,0.0,0.0,0.0
00001989,Замок врезной Apecs 99-K-G,"Описание серии Замки с крестовым механизмом секретности для межкомнатных деревянных дверей, технических дверей, дверей подсобных помещений. 
Ответная планка: в комплекте. 
Рекомендуемая толщина двери: 35-60 мм.",Apecs,99,G,box,28,,general,yes,yes,faceplate,50.0,0.0,cylindrical,4,28.5,12.0,cylindrical,,,,,,33x17,0.0,0.0,0.0,0.0,0.0,0.0,0.0
00016947,Замок врезной Apecs 1323/60-AC,"Описание серии Замки Apecs серии 13 - универсальные врезные замки под ручку и евроцилиндр для деревянных и  металлических входных дверей с межосевым расстоянием 80 мм.  
Замки имеют сертификат соответствия согласно ГОСТ 5089-2011. 
Рекомендуемая толщина двери: 35 - 40 мм. 
Рекомендуемый вес двери: до 50 кг.",Apecs,1323/60,AC,box,16,,general,yes,yes,faceplate,40.0,80.0,classic/rectangular,,20.0,0.0,cylindrical,flat key,5,included,30/30,brass,33x17,0.0,0.0,0.0,0.0,0.0,0.0,0.0
00028075,Замок врезной Avers 1223/60-G,"Описание серии Замки Avers серии 12 - универсальные врезные замки под ручку и евроцилиндр для деревянных межкомнатных и входных дверей с межосевым расстоянием 70 мм.  
Рекомендуемая толщина двери: 35 - 40 мм. 
Рекомендуемый вес двери: до 40 кг.",Avers,1223/60,G,box,20,,general,yes,yes,faceplate,40.0,70.0,classic/rectangular,,20.0,0.0,cylindrical,flat key,5,included,30/30,ZAMAK,33x17,0.0,0.0,0.0,0.0,0.0,0.0,0.0
00027475,"Замок врезной Avers T-42-CR (w/o BP, w/o DP)","Описание серии Замки врезные  для входных металлических дверей. 
Замки T-0523-C-L/R - замки врезные для входных металлических дверей, с ручками на планке и дополнительной задвижкой, без цилиндрового механизма. Рекомендуемая толщина двери: 40 - 60 мм. 
Рекомендации по использованию с другими товарами (приобретаются отдельно): 
- цилиндровый механизм. 
Замок T-42 - замок врезной для легких входных металлических дверей под ручку и евроцилиндр.  
Рекомендации по использованию с другими товарами (приобретаются отдельно): 
- цилиндровый механизм; 
- ручки на планке под евроцилиндр с межосевым расстоянием 85 мм; 
- ручки раздельные совместно с цилиндровыми накладками: 
- ручки раздельные совместно с броненакладками или защитными накладками на цилиндровый механизм. 
Замок  T-47/S6-CR - замок врезной под сувальдный ключ.  
Рекомендации по использованию с другими товарами (приобретаются отдельно): 
- накладки сувальдные. 
Замок T-32 - замок врезной для входных металлических дверей под ручку и евроцилиндр.  
Рекомендации по использованию с другими товарами (приобретаются отдельно): 
- цилиндровый механизм; 
- ручки на планке под евроцилиндр с межосевым расстоянием 85 мм; 
- ручки раздельные совместно с цилиндровыми накладками: 
- ручки раздельные совместно с броненакладками или защитными накладками на цилиндровый механизм. 
Замок  T-37/S6-CR - замок врезной под сувальдный ключ.  
Рекомендации по использованию с другими товарами (приобретаются отдельно): 
- накладки сувальдные.",Avers,42,CR,box,30,,general,yes,no,faceplate,60.0,85.0,cylindrical,3,26.0,14.0,cylindrical,,,not included,,,33x17,0.0,0.0,0.0,0.0,0.0,0.0,0.0
00022173,Замок врезной Apecs 2600-G,"Описание серии Врезные замки под ручку и евроцилиндр для деревянных и легких металлических входных дверей.  
Замки имеют сертификат соответствия согласно ГОСТ 5089-2011. 
В замках присутствует подшипник в узле ручки, обеспечивающий плавность хода и долгий ресурс службы.  
Рекомендации по использованию с другими товарами (приобретаются отдельно): 
- механизм секретности  2 класса согласно ГОСТ и выше; 
- ответная планка Apecs BP-2800 или Apecs BP-2801 при установке замков в деревянные двери; 
- ручки на планке под евроцилиндр с межосевым расстоянием 85 мм/раздельные ручки в комплекте с накладками цилиндровыми/раздельные ручки в комплекте с накладной или врезной броненакладкой Apecs.",Apecs,2600,G,box,30,,general,yes,yes,faceplate,45.0,85.0,cylindrical,3,20.0,12.0,cylindrical,,,not included,,,33x17,0.0,0.0,0.0,0.0,0.0,0.0,0.0
00016812,Замок врезной Apecs 1023/60-AB,"Описание серии Замки Apecs серии 10 - универсальные врезные замки под ручку и евроцилиндр для деревянных межкомнатных и входных дверей с межосевым расстоянием 61,5 мм.  
Замки имеют сертификат соответствия согласно ГОСТ 5089-2011. 
В замках 1023/60 и 1027/60 присутствует подшипник в узле ручки, обеспечивающий плавность хода и долгий ресурс службы.  
Рекомендуемая толщина двери: 35 - 40 мм. 
Рекомендуемый вес двери: до 50 кг.",Apecs,1023/60,AB,box,20,,general,yes,yes,faceplate,40.0,61.5,cylindrical,3,18.0,12.0,cylindrical,flat key,5,included,30/30,brass,33x17,0.0,0.0,0.0,0.0,0.0,0.0,0.0
00020749,Замок врезной сувальдный Avers ЗВ9-4-1-4 (медь),,Avers,9,,box,10,,general,,yes,faceplate,55.0,55.0,cylindrical,3,23.0,12.0,sdeadbolt with double bit,,3,,,,33x17,0.0,0.0,0.0,0.0,0.0,0.0,0.0
00006362,Замок врезной Apecs 29-R-CR,"Описание серии Врезные замки без ручек под евроцилиндр для межкомнатных деревянных дверей, технических дверей, дверей подсобных помещений. 
Замки имеют сертификат соответствия 2 классу по ГОСТ 5089-2011. 
Ответная планка: в комплекте. 
Рекомендуемая толщина двери: 35-50 мм.",Apecs,29,CR,box,28,,Узкопрофильные двери,no,yes,faceplate,20.0,0.0,classic/rectangular,,16.0,0.0,cylindrical,,,not included,,,33x17,0.0,0.0,0.0,0.0,0.0,0.0,0.0
00035264,Замок врезной противопожарный Apecs 1900-INOX-BLM,"Описание серии Противопожарные замки Apecs с межосевым расстоянием 72 мм предназначены для установки в сертифицированные деревянные и металлические противопожарные двери. 
Замки сертифицированы согласно российского ГОСТ  5089-2011 по 2 или 3 классу (в зависимости от модели). 
Основные особенности противопожарных замков:  
- оцинкованный стальной корпус; 
- механика не содержит легкоплавких деталей; 
- лицевая  планка выполнена из оцинкованной или  
нержавеющей стали. 
Рекомендации по использованию с другими товарами (приобретаются отдельно): 
- механизм секретности 2 или 3  класса согласно ГОСТ и выше (в зависимости от класса модели замка согласно ГОСТ); 
- ответные планки Apecs BP-1900, BP- 3000 или BP-8300 (в зависимости от модели замка); 
- ручки на планке Apecs под евроцилиндр с межосевым расстоянием 72 мм., 
-раздельные ручки в комплекте с накладками цилиндровыми - H-0203-BL (DP-C-02), совместно с переходником Apecs 8/9 мм.,( для замков 1900,2000,3000) 
- раздельные ручки Apecs H-02XX-INOX  с накладками цилиндровыми  Apecs DP-C-02-INOX совместно с переходником Apecs 8/9 мм. ( для замков 1900,2000,3000)",Apecs,1900,,pack,24,,fireproof,yes,,faceplate,65.0,72.0,classic/rectangular,,21.0,0.0,cylindrical,,,not included,,,33x17,0.0,0.0,0.0,0.0,0.0,0.0,0.0
00035265,Замок врезной противопожарный Apecs 8300-INOX-BLM (B2B),"Описание серии Противопожарные замки Apecs с межосевым расстоянием 72 мм предназначены для установки в сертифицированные деревянные и металлические противопожарные двери. 
Замки сертифицированы согласно российского ГОСТ  5089-2011 по 2 или 3 классу (в зависимости от модели). 
Основные особенности противопожарных замков:  
- оцинкованный стальной корпус; 
- механика не содержит легкоплавких деталей; 
- лицевая  планка выполнена из оцинкованной или  
нержавеющей стали. 
Рекомендации по использованию с другими товарами (приобретаются отдельно): 
- механизм секретности 2 или 3  класса согласно ГОСТ и выше (в зависимости от класса модели замка согласно ГОСТ); 
- ответные планки Apecs BP-1900, BP- 3000 или BP-8300 (в зависимости от модели замка); 
- ручки на планке Apecs под евроцилиндр с межосевым расстоянием 72 мм., 
-раздельные ручки в комплекте с накладками цилиндровыми - H-0203-BL (DP-C-02), совместно с переходником Apecs 8/9 мм.,( для замков 1900,2000,3000) 
- раздельные ручки Apecs H-02XX-INOX  с накладками цилиндровыми  Apecs DP-C-02-INOX совместно с переходником Apecs 8/9 мм. ( для замков 1900,2000,3000)",Apecs,8300,,pack,20,,fireproof,yes,,faceplate,55.0,72.0,classic/rectangular,,20.0,0.0,cylindrical,,,not included,,,33x17,0.0,0.0,0.0,0.0,0.0,0.0,0.0
00003301,Замок врезной Apecs 1526/60-CR,"Описание серии Замки Apecs серии 15 - универсальные врезные замки под ручку и евроцилиндр для деревянных межкомнатных и входных дверей с межосевым расстоянием 70 мм.  
Замки имеют сертификат соответствия согласно ГОСТ 5089-2011. 
Рекомендуемая толщина двери: 35 - 40 мм. 
Рекомендуемый вес двери: до 50 кг.",Apecs,1526/60,CR,box,12,,general,yes,yes,faceplate,45.0,70.0,cylindrical,3,20.0,12.0,cylindrical,flat key,5,included,30/30,brass,33x17,0.0,0.0,0.0,0.0,0.0,0.0,0.0
00017402,Замок врезной Apecs 2210/60-CR,"Описание серии Замки Apecs серии 22 -  универсальные врезные замки под ручку и евроцилиндр для деревянных межкомнатных и входных дверей с межосевым расстоянием 85 мм.  
Замки имеют сертификат соответствия согласно ГОСТ 5089-2011. 
В замках серии 22 присутствует подшипник в узле ручки, обеспечивающий плавность хода и долгий ресурс службы.  
Рекомендуемая толщина двери: 35 - 40 мм. 
Рекомендуемый вес двери: до 50 кг.",Apecs,2210/60,CR,box,12,,general,yes,yes,faceplate,45.0,85.0,cylindrical,3,20.0,12.0,cylindrical,flat key,5,included,30/30,brass,33x17,0.0,0.0,0.0,0.0,0.0,0.0,0.0
00016645,Замок врезной Apecs 7000-35-NI,"Описание серии Врезные замки для дверей из ПВХ профиля. 
Ассортимент представлен моделями с роликовым фиксатором (индекс ""R"")  и моделями под ручку с фалевой защелкой. 
Замки имеют сертификат соответствия согласно ГОСТ 5089-2011. 
Замки не комплектуются ответной планкой.  
Удаление ключевого отверстия (Backset): 25, 30, 35, 40 и 45 мм. 
В корпусах с Backset 35, 40, 45 мм имеются отверстия для крепления раздельных ручек стяжными винтами, посадочный размер 38 мм. 
Рекомендации по использованию с другими товарами (приобретаются отдельно): 
- механизм секретности  2 класса согласно ГОСТ и выше; 
- 00016666 ручки на планке Apecs HP-92.7005-W; 
- 00016992 ручки дверные Apecs H-0931-W; 
- 00016822 накладки цилиндровые Apecs DP-C-09-W; 
- 00017881 ручки дверные Apecs H-0903-INOX 
- 00017882 накладки цилиндровые Apecs DP-C-09-INOX; 
- 00027547 ответная планка Apecs BP-7000-ZN.",Apecs,7000,NI,pack,30,,PVC profile doors,yes,yes,faceplate,35.0,92.0,classic/rectangular,,20.0,0.0,cylindrical,,,not included,,,33x17,0.0,0.0,0.0,0.0,0.0,0.0,0.0
00020747,Замок врезной Avers ЗВ4-1-8 (серебро),,Avers,4,,box,10,,general,,yes,faceplate,55.0,55.0,cylindrical,3,23.0,12.0,cylindrical,flat key,4,included,35/35,ZAMAK,33x17,0.0,0.0,0.0,0.0,0.0,0.0,0.0
00020751,Замок врезной сувальдный Avers ЗВ9-4-1-4 (серебро),,Avers,9,,box,10,,general,,yes,faceplate,55.0,55.0,cylindrical,3,23.0,12.0,sdeadbolt with double bit,,3,,,,33x17,0.0,0.0,0.0,0.0,0.0,0.0,0.0
00029200,Замок врезной противопожарный Avers 2000-ZN (B2B),"Описание серии Противопожарные замки Avers с межосевым расстоянием 72 мм предназначены для установки в сертифицированные деревянные и металлические противопожарные двери. 
Основные особенности противопожарных замков Avers:  
- оцинкованный стальной корпус; 
- механика не содержит легкоплавких деталей; 
- лицевая планка выполнена из оцинкованной стали. 
Рекомендации по использованию с другими товарами (приобретаются отдельно): 
- цилиндровый механизм; 
- ответная планка Apecs BP- 3000; 
- ручки на планке Avers/Apecs под евроцилиндр с межосевым расстоянием 72 мм/раздельные ручки в комплекте с накладками цилиндровыми - Apecs H-0203-BL (DP-C-02), совместно с переходником Apecs 8/9 мм/ раздельные ручки Apecs H-02XX-INOX  с накладками цилиндровыми  Apecs DP-C-02-INOX совместно с переходником Apecs 8/9 мм.",Avers,2000,,pack,24,,fireproof,yes,,bolts,65.0,72.0,classic/rectangular,,14.0,0.0,cylindrical,,,not included,,,33x17,0.0,0.0,0.0,0.0,0.0,0.0,0.0
00016648,Замок врезной Apecs 7000-25-R-NI,"Описание серии Врезные замки для дверей из ПВХ профиля. 
Ассортимент представлен моделями с роликовым фиксатором (индекс ""R"")  и моделями под ручку с фалевой защелкой. 
Замки имеют сертификат соответствия согласно ГОСТ 5089-2011. 
Замки не комплектуются ответной планкой.  
Удаление ключевого отверстия (Backset): 25, 30, 35, 40 и 45 мм. 
В корпусах с Backset 35, 40, 45 мм имеются отверстия для крепления раздельных ручек стяжными винтами, посадочный размер 38 мм. 
Рекомендации по использованию с другими товарами (приобретаются отдельно): 
- механизм секретности  2 класса согласно ГОСТ и выше; 
- 00016666 ручки на планке Apecs HP-92.7005-W; 
- 00016992 ручки дверные Apecs H-0931-W; 
- 00016822 накладки цилиндровые Apecs DP-C-09-W; 
- 00017881 ручки дверные Apecs H-0903-INOX 
- 00017882 накладки цилиндровые Apecs DP-C-09-INOX; 
- 00027547 ответная планка Apecs BP-7000-ZN.",Apecs,7000,NI,pack,30,,Узкопрофильные двери,yes,yes,faceplate,25.0,0.0,classic/rectangular,,20.0,0.0,cylindrical,,,not included,,,33x17,0.0,0.0,0.0,0.0,0.0,0.0,0.0
00016820,Замок врезной Apecs 1227/60-NI/NIS,"Описание серии Замки Apecs серии 12 - универсальные врезные замки под ручку и евроцилиндр для деревянных межкомнатных и входных дверей с межосевым расстоянием 70 мм.  
Замки имеют сертификат соответствия согласно ГОСТ 5089-2011. 
Рекомендуемая толщина двери: 35 - 40 мм. 
Рекомендуемый вес двери: до 40 кг.",Apecs,1227/60,NI,box,20,,general,yes,yes,faceplate,40.0,70.0,classic/rectangular,,20.0,0.0,cylindrical,flat key,5,included,30/30,brass,33x17,0.0,0.0,0.0,0.0,0.0,0.0,0.0
00011257,Замок врезной Apecs T-0523-C-CR-R,"Описание серии Надёжные сувальдные и цилиндровые замки Apecs серий T-52, T-52/S8, T-05, T-05-C и T-0523-C для металлических входных дверей. 
Замки имеют сертификат соответствия согласно ГОСТ 5089-2011. 
Рекомендуемая толщина двери для замков, укомплектованных ручками на планке T-0523-C: 40 - 60 мм. 
В замках T-05, T-05-C, T-52, T-52/S8 присутствует подшипник в узле ручки, обеспечивающий плавность хода и долгий ресурс службы.  
Рекомендации по использованию с другими товарами (приобретаются отдельно): 
- для T-05, T-05-C, T-52 и T-0523-C: механизм секретности  3 класса согласно ГОСТ и выше; 
- для T-52, T-05: ручки на планке под  евроцилиндр с межосевым расстоянием 85 мм или ручки дверные раздельные совместно с накладками на цилиндр DP-C; 
- для T-05-C - поворотник для задвижки с квадратом сечения 6 мм, ручки дверные раздельные совместно с накладками на цилиндр DP-C; 
- для T-52/S8 - ручки на планке под сувальдный ключ co шторкой  с межосевым расстоянием 85 мм - HP-85.0423-S или ручки дверные раздельные совместно с накладками сувальдными со шторкой и без шторки.",Apecs,0523,CR,box,10,,general,yes,no,faceplate,60.0,80.0,cylindrical,3,24.0,18.0,cylindrical,,,not included,,,33x17,0.0,0.0,0.0,0.0,0.0,0.0,0.0
00020745,Замок врезной Avers ЗВ4-1-8 (медь),,Avers,4,,box,10,,general,,yes,faceplate,55.0,55.0,cylindrical,3,23.0,12.0,cylindrical,flat key,4,included,35/35,ZAMAK,33x17,0.0,0.0,0.0,0.0,0.0,0.0,0.0
00017575,Замок врезной Apecs 2227/60-AB,"Описание серии Замки Apecs серии 22 -  универсальные врезные замки под ручку и евроцилиндр для деревянных межкомнатных и входных дверей с межосевым расстоянием 85 мм.  
Замки имеют сертификат соответствия согласно ГОСТ 5089-2011. 
В замках серии 22 присутствует подшипник в узле ручки, обеспечивающий плавность хода и долгий ресурс службы.  
Рекомендуемая толщина двери: 35 - 40 мм. 
Рекомендуемый вес двери: до 50 кг.",Apecs,2227/60,AB,box,10,,general,yes,yes,faceplate,45.0,85.0,cylindrical,3,20.0,12.0,cylindrical,flat key,5,included,30/30,brass,33x17,0.0,0.0,0.0,0.0,0.0,0.0,0.0
00027497,"Замок врезной Apecs T-52-NIS (w/o BP, w/o DP)","Описание серии Надёжные сувальдные и цилиндровые замки Apecs серий T-52, T-52/S8, T-05, T-05-C и T-0523-C для металлических входных дверей. 
Замки имеют сертификат соответствия согласно ГОСТ 5089-2011. 
Рекомендуемая толщина двери для замков, укомплектованных ручками на планке T-0523-C: 40 - 60 мм. 
В замках T-05, T-05-C, T-52, T-52/S8 присутствует подшипник в узле ручки, обеспечивающий плавность хода и долгий ресурс службы.  
Рекомендации по использованию с другими товарами (приобретаются отдельно): 
- для T-05, T-05-C, T-52 и T-0523-C: механизм секретности  3 класса согласно ГОСТ и выше; 
- для T-52, T-05: ручки на планке под  евроцилиндр с межосевым расстоянием 85 мм или ручки дверные раздельные совместно с накладками на цилиндр DP-C; 
- для T-05-C - поворотник для задвижки с квадратом сечения 6 мм, ручки дверные раздельные совместно с накладками на цилиндр DP-C; 
- для T-52/S8 - ручки на планке под сувальдный ключ co шторкой  с межосевым расстоянием 85 мм - HP-85.0423-S или ручки дверные раздельные совместно с накладками сувальдными со шторкой и без шторки.",Apecs,52,NI,box,12,,general,yes,no,faceplate,60.0,85.0,cylindrical,3,24.0,16.0,cylindrical,,,not included,,,33x17,0.0,0.0,0.0,0.0,0.0,0.0,0.0
00033559,Замок врезной Apecs 1823-AB,"Описание серии Замки Apecs серии 18 - универсальные врезные замки под ручку и евроцилиндр для деревянных и лёгких металлических входных дверей с межосевым расстоянием 72 мм. По посадочным размерам замки 18 серии подходят для замены замка ЗАЗ ЗВ 4-6 «Мотор Сич» (г. Запорожье) и его аналогов. 
Рекомендуемая толщина двери: 50-70 мм. 
Рекомендации по использованию с другими товарами: 
- механизм секретности.",Apecs,1823,AB,box,12,,general,yes,yes,faceplate,55.0,72.0,classic/rectangular,,20.0,0.0,cylindrical,,,not included,,,33x17,0.0,0.0,0.0,0.0,0.0,0.0,0.0
00028088,Замок врезной Avers 2223/70-AB,"Описание серии Замки Avers серии 22 -  универсальные врезные замки под ручку и евроцилиндр для деревянных межкомнатных и входных дверей с межосевым расстоянием 85 мм. В замках 22 серии присутствует подшипник в узле ручки, обеспечивающий плавность хода и долгий ресурс службы. 
Рекомендуемая толщина двери: 
- для замков 2210/60 - 35 - 40 мм; 
- для замков 2223/70 и 2226/70 - 35 - 50 мм. 
Рекомендуемый вес двери: до 50 кг.",Avers,2223/70,AB,box,10,,general,yes,yes,faceplate,45.0,85.0,cylindrical,3,20.0,12.0,cylindrical,flat key,5,included,35/35,ZAMAK,33x17,0.0,0.0,0.0,0.0,0.0,0.0,0.0
00017954,Замок врезной Apecs 7600-25-NI,"Описание серии Врезные замки с падающим ригелем для дверей из алюминиевого профиля. 
Замки представлены с роликовым фиксатором (индекс R) и фалевой защелкой. Универсальная фалевая защелка. 
Замки имеют сертификат соответствия согласно ГОСТ 5089-2011. 
Замки с фалевой защелкой комплектуются ответной планкой. 
Замки с роликовым фиксатором комплектуются ответной планкой и декоративными накладками на цилиндр. 
Рекомендации по использованию с другими товарами (приобретаются отдельно): 
- механизм секретности  2 класса согласно ГОСТ и выше; 
- 00017881 ручки дверные Apecs H-0903-INOX; 
- 00017882 накладки цилиндровые Apecs DP-C-09-INOX; 
- 00027547 ответная планка Apecs BP-7000-ZN.",Apecs,7600,NI,pack,30,,aluminum profile doors,yes,yes,faceplate,25.0,85.0,Падающий,,23.0,0.0,cylindrical,,,not included,,,33x17,0.0,0.0,0.0,0.0,0.0,0.0,0.0
00033667,"Замок врезной сувальдный Avers R11/S6-CR (3 keys, shank 50mm)","Описание серии Врезные сувальдные замки для деревянных и легких металлических дверей, технических дверей, дверей подсобных помещений. Ответная планка и декоративные накладки на сувальдный ключ: в комплекте.",Avers,11/,CR,pack,40,,general,yes,no,faceplate,50.5,0.0,cylindrical,2,20.0,10.5,sdeadbolt with double bit,,3,,,,33x17,0.0,0.0,0.0,0.0,0.0,0.0,0.0
00011374,Замок врезной Apecs 6000-WC/S-CR,"Описание серии Врезные замки для межкомнатных дверей. 
Рекомендации по использованию с другими товарами (приобретаются отдельно):  
- ручки дверные Avers H-0661; 
 - цилиндровый механизм или фиксатор Apecs, Avers WC-0608; 
- накладки пустые, сувальдные или цилиндровые Apecs, Avers серий 06. 
- ответная планка  Apecs BP-0045 или ответная планка Apecs BP-0068 (для дверей ""с четвертью"" - с притвором).",Apecs,6000,CR,pack,45,,interior doors with notch,no,yes,screws,45.0,72.0,classic/rectangular,,15.0,0.0,sdeadbolt,,1,,,,33x17,0.0,0.0,0.0,0.0,0.0,0.0,0.0
00015577,Замок врезной Apecs 1223/60-G,"Описание серии Замки Apecs серии 12 - универсальные врезные замки под ручку и евроцилиндр для деревянных межкомнатных и входных дверей с межосевым расстоянием 70 мм.  
Замки имеют сертификат соответствия согласно ГОСТ 5089-2011. 
Рекомендуемая толщина двери: 35 - 40 мм. 
Рекомендуемый вес двери: до 40 кг.",Apecs,1223/60,G,box,20,,general,yes,yes,faceplate,40.0,70.0,classic/rectangular,,20.0,0.0,cylindrical,flat key,5,included,30/30,brass,33x17,0.0,0.0,0.0,0.0,0.0,0.0,0.0
00027476,"Замок врезной сувальдный Avers T-47/S6-CR (w/o BP, w/o DP, 4 keys, shank 60mm)","Описание серии Замки врезные  для входных металлических дверей. 
Замки T-0523-C-L/R - замки врезные для входных металлических дверей, с ручками на планке и дополнительной задвижкой, без цилиндрового механизма. Рекомендуемая толщина двери: 40 - 60 мм. 
Рекомендации по использованию с другими товарами (приобретаются отдельно): 
- цилиндровый механизм. 
Замок T-42 - замок врезной для легких входных металлических дверей под ручку и евроцилиндр.  
Рекомендации по использованию с другими товарами (приобретаются отдельно): 
- цилиндровый механизм; 
- ручки на планке под евроцилиндр с межосевым расстоянием 85 мм; 
- ручки раздельные совместно с цилиндровыми накладками: 
- ручки раздельные совместно с броненакладками или защитными накладками на цилиндровый механизм. 
Замок  T-47/S6-CR - замок врезной под сувальдный ключ.  
Рекомендации по использованию с другими товарами (приобретаются отдельно): 
- накладки сувальдные. 
Замок T-32 - замок врезной для входных металлических дверей под ручку и евроцилиндр.  
Рекомендации по использованию с другими товарами (приобретаются отдельно): 
- цилиндровый механизм; 
- ручки на планке под евроцилиндр с межосевым расстоянием 85 мм; 
- ручки раздельные совместно с цилиндровыми накладками: 
- ручки раздельные совместно с броненакладками или защитными накладками на цилиндровый механизм. 
Замок  T-37/S6-CR - замок врезной под сувальдный ключ.  
Рекомендации по использованию с другими товарами (приобретаются отдельно): 
- накладки сувальдные.",Avers,47/,CR,box,30,,general,yes,no,faceplate,60.0,0.0,cylindrical,3,26.0,14.0,sdeadbolt with double bit,,4,,,,33x17,0.0,0.0,0.0,0.0,0.0,0.0,0.0
00016952,Замок врезной Apecs 1623-AB,"Описание серии Замки Apecs серии 16 - универсальные врезные замки под ручку и евроцилиндр для деревянных и  металлических входных дверей с межосевым расстоянием 55 мм. 
По посадочным размерам замки 16 серии подходят для замены замков ДААЗ, Зенит ЗВ4-3.1 (04,06) и замков Меттем с межосевым расстоянием 55 мм. 
Замки имеют сертификат соответствия согласно ГОСТ 5089-2011. 
Рекомендуемая толщина двери: 40 - 60 мм. 
Рекомендации по использованию с другими товарами: 
- механизм секретности  3 класса согласно ГОСТ и выше.",Apecs,1623,AB,box,12,,general,yes,yes,faceplate,55.0,55.0,classic/rectangular,,20.0,0.0,cylindrical,,,not included,,,33x17,0.0,0.0,0.0,0.0,0.0,0.0,0.0
00017211,Замок врезной Avers 0827/60-NI,"Описание серии Врезные замки Avers серии 08 с ручками на планке и цилиндровым механизмом уменьшенного профиля 29,5 мм для легких деревянных дверей малой проходимости, с межосевым расстоянием 50 мм.  
Материал ручек на планке и цилиндрового механизма: алюминий. 
Рекомендуемая толщина двери: не более 36 мм. 
При необходимости замены цилиндра, рекомендуем приобрести цилиндровый механизм Avers серии LL.",Avers,0827/60,NI,box,24,,general,no,yes,faceplate,40.0,50.0,classic/rectangular,,16.0,0.0,cylindrical,flat key,5,included,30/30,aluminum,33x17,0.0,0.0,0.0,0.0,0.0,0.0,0.0
00013810,Замок врезной Apecs 1423-CR,"Описание серии Замки Apecs серии 14 - универсальные врезные замки под ручку и евроцилиндр для деревянных и  металлических входных дверей с межосевым расстоянием 58,5 мм. По посадочным размерам замки 14 серия подходят для замены замков ТНП25-0004 (Барановичи-ШО-25) и их аналогов. 
Замки имеют сертификат соответствия согласно ГОСТ 5089-2011. 
Рекомендуемая толщина двери: 40 - 60 мм. 
Рекомендации по использованию с другими товарами: 
- механизм секретности  3 класса согласно ГОСТ и выше; 
- ответная планка Apecs BP-1425 при установке замка в деревянные двери.",Apecs,1423,CR,box,12,,general,yes,yes,faceplate,55.0,58.5,classic/rectangular,,20.0,0.0,cylindrical,,,not included,,,33x17,0.0,0.0,0.0,0.0,0.0,0.0,0.0
00017285,Замок врезной Apecs 90-K-G,"Описание серии Замки с крестовым механизмом секретности для межкомнатных деревянных дверей, технических дверей, дверей подсобных помещений. 
Ответная планка: в комплекте. 
Рекомендуемая толщина двери: 35-60 мм.",Apecs,90,G,box,48,,general,yes,yes,faceplate,45.0,0.0,classic/rectangular,,23.0,0.0,cylindrical,,5,,,,33x17,0.0,0.0,0.0,0.0,0.0,0.0,0.0
00033846,"Замок врезной сувальдный Avers T-37/S6-CR (w/o BP, w/o DP, 5 keys, shank 75mm)","Описание серии Замки врезные  для входных металлических дверей. 
Замки T-0523-C-L/R - замки врезные для входных металлических дверей, с ручками на планке и дополнительной задвижкой, без цилиндрового механизма. Рекомендуемая толщина двери: 40 - 60 мм. 
Рекомендации по использованию с другими товарами (приобретаются отдельно): 
- цилиндровый механизм. 
Замок T-42 - замок врезной для легких входных металлических дверей под ручку и евроцилиндр.  
Рекомендации по использованию с другими товарами (приобретаются отдельно): 
- цилиндровый механизм; 
- ручки на планке под евроцилиндр с межосевым расстоянием 85 мм; 
- ручки раздельные совместно с цилиндровыми накладками: 
- ручки раздельные совместно с броненакладками или защитными накладками на цилиндровый механизм. 
Замок  T-47/S6-CR - замок врезной под сувальдный ключ.  
Рекомендации по использованию с другими товарами (приобретаются отдельно): 
- накладки сувальдные. 
Замок T-32 - замок врезной для входных металлических дверей под ручку и евроцилиндр.  
Рекомендации по использованию с другими товарами (приобретаются отдельно): 
- цилиндровый механизм; 
- ручки на планке под евроцилиндр с межосевым расстоянием 85 мм; 
- ручки раздельные совместно с цилиндровыми накладками: 
- ручки раздельные совместно с броненакладками или защитными накладками на цилиндровый механизм. 
Замок  T-37/S6-CR - замок врезной под сувальдный ключ.  
Рекомендации по использованию с другими товарами (приобретаются отдельно): 
- накладки сувальдные.",Avers,37/,CR,box,20,,general,yes,no,faceplate,68.0,0.0,cylindrical,3,26.0,16.0,sdeadbolt with double bit,,5,,,,33x17,0.0,0.0,0.0,0.0,0.0,0.0,0.0
00020320,"Замок врезной сувальдный Avers R13/S6-CR (5 keys, shank 45mm)","Описание серии Врезные сувальдные замки для деревянных и легких металлических дверей, технических дверей, дверей подсобных помещений. Ответная планка и декоративные накладки на сувальдный ключ: в комплекте.",Avers,13/,CR,pack,30,,general,yes,no,faceplate,54.0,0.0,cylindrical,3,21.0,12.0,sdeadbolt with double bit,,5,,,,33x17,0.0,0.0,0.0,0.0,0.0,0.0,0.0
00025710,Замок врезной Apecs 7300-35-NIS,"Описание серии Врезные замки для дверей из алюминиевого профиля. 
Ассортимент представлен моделями с роликовым фиксатором (индекс ""R"")  и моделями под ручку с фалевой защелкой. Универсальная фалевая защелка. Роликовый фиксатор регулируется по вылету от 0 до 8 мм. 
Замки имеют сертификат соответствия согласно ГОСТ 5089-2011. 
Замки с фалевой защелкой комплектуются ответной планкой. 
Замки с роликовым фиксатором комплектуются ответной планкой и декоративными накладками на цилиндр. 
Рекомендации по использованию с другими товарами (приобретаются отдельно): 
- механизм секретности  2 класса согласно ГОСТ и выше; 
-  00017881 ручки дверные Apecs H-0903-INOX; 
- 00017882 накладки цилиндровые Apecs DP-C-09-INOX; 
- 00027547 ответная планка Apecs BP-7000-ZN.",Apecs,7300,NI,pack,30,,aluminum profile doors,yes,yes,faceplate,35.0,85.0,classic/rectangular,,15.0,0.0,cylindrical,,,not included,,,33x17,0.0,0.0,0.0,0.0,0.0,0.0,0.0
00016816,Замок врезной Apecs 1027/60-AB,"Описание серии Замки Apecs серии 10 - универсальные врезные замки под ручку и евроцилиндр для деревянных межкомнатных и входных дверей с межосевым расстоянием 61,5 мм.  
Замки имеют сертификат соответствия согласно ГОСТ 5089-2011. 
В замках 1023/60 и 1027/60 присутствует подшипник в узле ручки, обеспечивающий плавность хода и долгий ресурс службы.  
Рекомендуемая толщина двери: 35 - 40 мм. 
Рекомендуемый вес двери: до 50 кг.",Apecs,1027/60,AB,box,20,,general,yes,yes,faceplate,40.0,61.5,cylindrical,3,18.0,12.0,cylindrical,flat key,5,included,30/30,brass,33x17,0.0,0.0,0.0,0.0,0.0,0.0,0.0
00000021,Замок врезной Apecs 1330/60-G,"Описание серии Замки Apecs серии 13 - универсальные врезные замки под ручку и евроцилиндр для деревянных и  металлических входных дверей с межосевым расстоянием 80 мм.  
Замки имеют сертификат соответствия согласно ГОСТ 5089-2011. 
Рекомендуемая толщина двери: 35 - 40 мм. 
Рекомендуемый вес двери: до 50 кг.",Apecs,1330/60,G,box,16,,general,yes,yes,faceplate,40.0,80.0,classic/rectangular,,20.0,0.0,cylindrical,flat key,5,included,30/30,brass,33x17,0.0,0.0,0.0,0.0,0.0,0.0,0.0
00028068,Замок врезной Avers 1023/60-AB,"Описание серии Замки Avers серии 10 - универсальные врезные замки под ручку и евроцилиндр для деревянных межкомнатных и входных дверей с межосевым расстоянием 61,5 мм.  
В корпусе замка присутствует подшипник в узле ручки, обеспечивающий плавность хода и долгий ресурс службы.  
Рекомендуемая толщина двери: 35 - 40 мм. 
Рекомендуемый вес двери: до 50 кг.",Avers,1023/60,AB,box,20,,general,yes,yes,faceplate,40.0,61.5,cylindrical,3,18.0,12.0,cylindrical,flat key,5,included,30/30,ZAMAK,33x17,0.0,0.0,0.0,0.0,0.0,0.0,0.0
00002878,Замок врезной Apecs 2210/60-G,"Описание серии Замки Apecs серии 22 -  универсальные врезные замки под ручку и евроцилиндр для деревянных межкомнатных и входных дверей с межосевым расстоянием 85 мм.  
Замки имеют сертификат соответствия согласно ГОСТ 5089-2011. 
В замках серии 22 присутствует подшипник в узле ручки, обеспечивающий плавность хода и долгий ресурс службы.  
Рекомендуемая толщина двери: 35 - 40 мм. 
Рекомендуемый вес двери: до 50 кг.",Apecs,2210/60,G,box,12,,general,yes,yes,faceplate,45.0,85.0,cylindrical,3,20.0,12.0,cylindrical,flat key,5,included,30/30,brass,33x17,0.0,0.0,0.0,0.0,0.0,0.0,0.0
00028789,Замок врезной Avers T-0523-C-AB-L,"Описание серии Замки врезные  для входных металлических дверей. 
Замки T-0523-C-L/R - замки врезные для входных металлических дверей, с ручками на планке и дополнительной задвижкой, без цилиндрового механизма. Рекомендуемая толщина двери: 40 - 60 мм. 
Рекомендации по использованию с другими товарами (приобретаются отдельно): 
- цилиндровый механизм. 
Замок T-42 - замок врезной для легких входных металлических дверей под ручку и евроцилиндр.  
Рекомендации по использованию с другими товарами (приобретаются отдельно): 
- цилиндровый механизм; 
- ручки на планке под евроцилиндр с межосевым расстоянием 85 мм; 
- ручки раздельные совместно с цилиндровыми накладками: 
- ручки раздельные совместно с броненакладками или защитными накладками на цилиндровый механизм. 
Замок  T-47/S6-CR - замок врезной под сувальдный ключ.  
Рекомендации по использованию с другими товарами (приобретаются отдельно): 
- накладки сувальдные. 
Замок T-32 - замок врезной для входных металлических дверей под ручку и евроцилиндр.  
Рекомендации по использованию с другими товарами (приобретаются отдельно): 
- цилиндровый механизм; 
- ручки на планке под евроцилиндр с межосевым расстоянием 85 мм; 
- ручки раздельные совместно с цилиндровыми накладками: 
- ручки раздельные совместно с броненакладками или защитными накладками на цилиндровый механизм. 
Замок  T-37/S6-CR - замок врезной под сувальдный ключ.  
Рекомендации по использованию с другими товарами (приобретаются отдельно): 
- накладки сувальдные.",Avers,0523,AB,box,10,,general,yes,no,faceplate,60.0,80.0,cylindrical,3,25.0,18.0,cylindrical,,,not included,,,33x17,0.0,0.0,0.0,0.0,0.0,0.0,0.0
00002882,Замок врезной Apecs 2200/60-G,"Описание серии Замки Apecs серии 22 -  универсальные врезные замки под ручку и евроцилиндр для деревянных межкомнатных и входных дверей с межосевым расстоянием 85 мм.  
Замки имеют сертификат соответствия согласно ГОСТ 5089-2011. 
В замках серии 22 присутствует подшипник в узле ручки, обеспечивающий плавность хода и долгий ресурс службы.  
Рекомендуемая толщина двери: 35 - 40 мм. 
Рекомендуемый вес двери: до 50 кг.",Apecs,2200/60,G,box,28,,general,yes,yes,faceplate,45.0,85.0,cylindrical,3,20.0,12.0,cylindrical,flat key,5,included,30/30,brass,33x17,0.0,0.0,0.0,0.0,0.0,0.0,0.0
00016651,Замок врезной Apecs 7000-30-R-NI,"Описание серии Врезные замки для дверей из ПВХ профиля. 
Ассортимент представлен моделями с роликовым фиксатором (индекс ""R"")  и моделями под ручку с фалевой защелкой. 
Замки имеют сертификат соответствия согласно ГОСТ 5089-2011. 
Замки не комплектуются ответной планкой.  
Удаление ключевого отверстия (Backset): 25, 30, 35, 40 и 45 мм. 
В корпусах с Backset 35, 40, 45 мм имеются отверстия для крепления раздельных ручек стяжными винтами, посадочный размер 38 мм. 
Рекомендации по использованию с другими товарами (приобретаются отдельно): 
- механизм секретности  2 класса согласно ГОСТ и выше; 
- 00016666 ручки на планке Apecs HP-92.7005-W; 
- 00016992 ручки дверные Apecs H-0931-W; 
- 00016822 накладки цилиндровые Apecs DP-C-09-W; 
- 00017881 ручки дверные Apecs H-0903-INOX 
- 00017882 накладки цилиндровые Apecs DP-C-09-INOX; 
- 00027547 ответная планка Apecs BP-7000-ZN.",Apecs,7000,NI,pack,30,,PVC profile doors,yes,yes,faceplate,30.0,0.0,classic/rectangular,,20.0,0.0,cylindrical,,,not included,,,33x17,0.0,0.0,0.0,0.0,0.0,0.0,0.0
00003302,Замок врезной Apecs 1526/60-G,"Описание серии Замки Apecs серии 15 - универсальные врезные замки под ручку и евроцилиндр для деревянных межкомнатных и входных дверей с межосевым расстоянием 70 мм.  
Замки имеют сертификат соответствия согласно ГОСТ 5089-2011. 
Рекомендуемая толщина двери: 35 - 40 мм. 
Рекомендуемый вес двери: до 50 кг.",Apecs,1526/60,G,box,12,,general,yes,yes,faceplate,45.0,70.0,cylindrical,3,20.0,12.0,cylindrical,flat key,5,included,30/30,brass,33x17,0.0,0.0,0.0,0.0,0.0,0.0,0.0
00025708,Замок врезной Apecs 7300-30-NIS,"Описание серии Врезные замки для дверей из алюминиевого профиля. 
Ассортимент представлен моделями с роликовым фиксатором (индекс ""R"")  и моделями под ручку с фалевой защелкой. Универсальная фалевая защелка. Роликовый фиксатор регулируется по вылету от 0 до 8 мм. 
Замки имеют сертификат соответствия согласно ГОСТ 5089-2011. 
Замки с фалевой защелкой комплектуются ответной планкой. 
Замки с роликовым фиксатором комплектуются ответной планкой и декоративными накладками на цилиндр. 
Рекомендации по использованию с другими товарами (приобретаются отдельно): 
- механизм секретности  2 класса согласно ГОСТ и выше; 
-  00017881 ручки дверные Apecs H-0903-INOX; 
- 00017882 накладки цилиндровые Apecs DP-C-09-INOX; 
- 00027547 ответная планка Apecs BP-7000-ZN.",Apecs,7300,NI,pack,30,,aluminum profile doors,yes,yes,faceplate,30.0,85.0,classic/rectangular,,15.0,0.0,cylindrical,,,not included,,,33x17,0.0,0.0,0.0,0.0,0.0,0.0,0.0
00017210,Замок врезной Avers 0827/60-G,"Описание серии Врезные замки Avers серии 08 с ручками на планке и цилиндровым механизмом уменьшенного профиля 29,5 мм для легких деревянных дверей малой проходимости, с межосевым расстоянием 50 мм.  
Материал ручек на планке и цилиндрового механизма: алюминий. 
Рекомендуемая толщина двери: не более 36 мм. 
При необходимости замены цилиндра, рекомендуем приобрести цилиндровый механизм Avers серии LL.",Avers,0827/60,G,box,24,,general,no,yes,faceplate,40.0,50.0,classic/rectangular,,16.0,0.0,cylindrical,flat key,5,included,30/30,aluminum,33x17,0.0,0.0,0.0,0.0,0.0,0.0,0.0
00006571,Замок врезной Apecs 91/60-G,"Описание серии Врезные замки без ручек под евроцилиндр для межкомнатных деревянных дверей, технических дверей, дверей подсобных помещений. 
Замки имеют сертификат соответствия 2 классу по ГОСТ 5089-2011. 
Ответная планка: в комплекте. 
Рекомендуемая толщина двери: 35-50 мм.",Apecs,91/60,G,box,28,,general,yes,yes,faceplate,50.0,0.0,cylindrical,3,30.0,14.0,cylindrical,flat key,5,included,30/30,brass,33x17,0.0,0.0,0.0,0.0,0.0,0.0,0.0
00016949,Замок врезной Apecs 2223/60-AC,"Описание серии Замки Apecs серии 22 -  универсальные врезные замки под ручку и евроцилиндр для деревянных межкомнатных и входных дверей с межосевым расстоянием 85 мм.  
Замки имеют сертификат соответствия согласно ГОСТ 5089-2011. 
В замках серии 22 присутствует подшипник в узле ручки, обеспечивающий плавность хода и долгий ресурс службы.  
Рекомендуемая толщина двери: 35 - 40 мм. 
Рекомендуемый вес двери: до 50 кг.",Apecs,2223/60,AC,box,10,,general,yes,yes,faceplate,45.0,85.0,cylindrical,3,20.0,12.0,cylindrical,flat key,5,included,30/30,brass,33x17,0.0,0.0,0.0,0.0,0.0,0.0,0.0
00017214,Замок врезной Avers 0827/60-C-G,"Описание серии Врезные замки Avers серии 08 с ручками на планке и цилиндровым механизмом уменьшенного профиля 29,5 мм для легких деревянных дверей малой проходимости, с межосевым расстоянием 50 мм.  
Материал ручек на планке и цилиндрового механизма: алюминий. 
Рекомендуемая толщина двери: не более 36 мм. 
При необходимости замены цилиндра, рекомендуем приобрести цилиндровый механизм Avers серии LL.",Avers,0827/60,G,box,24,,general,no,yes,faceplate,40.0,50.0,classic/rectangular,,16.0,0.0,cylindrical,flat key,5,included,30/30,aluminum,33x17,0.0,0.0,0.0,0.0,0.0,0.0,0.0
00006324,Замок врезной Apecs 1000/60-CR,"Описание серии Замки Apecs серии 10 - универсальные врезные замки под ручку и евроцилиндр для деревянных межкомнатных и входных дверей с межосевым расстоянием 61,5 мм.  
Замки имеют сертификат соответствия согласно ГОСТ 5089-2011. 
В замках 1023/60 и 1027/60 присутствует подшипник в узле ручки, обеспечивающий плавность хода и долгий ресурс службы.  
Рекомендуемая толщина двери: 35 - 40 мм. 
Рекомендуемый вес двери: до 50 кг.",Apecs,1000/60,CR,box,28,,general,yes,yes,faceplate,40.0,61.5,cylindrical,3,18.0,12.0,cylindrical,flat key,5,included,30/30,brass,33x17,0.0,0.0,0.0,0.0,0.0,0.0,0.0
00028077,Замок врезной Avers 1523/60-AB,"Описание серии Замки Avers серии 15 - универсальные врезные замки под ручку и евроцилиндр для деревянных межкомнатных и входных дверей с межосевым расстоянием 70 мм.  
Рекомендуемая толщина двери: 35 - 40 мм. 
Рекомендуемый вес двери: до 50 кг.",Avers,1523/60,AB,box,20,,general,yes,yes,faceplate,45.0,70.0,cylindrical,3,20.0,12.0,cylindrical,flat key,5,included,30/30,ZAMAK,33x17,0.0,0.0,0.0,0.0,0.0,0.0,0.0
00015805,Замок врезной Apecs 1323/60-G,"Описание серии Замки Apecs серии 13 - универсальные врезные замки под ручку и евроцилиндр для деревянных и  металлических входных дверей с межосевым расстоянием 80 мм.  
Замки имеют сертификат соответствия согласно ГОСТ 5089-2011. 
Рекомендуемая толщина двери: 35 - 40 мм. 
Рекомендуемый вес двери: до 50 кг.",Apecs,1323/60,G,box,16,,general,yes,yes,faceplate,40.0,80.0,classic/rectangular,,20.0,0.0,cylindrical,flat key,5,included,30/30,brass,33x17,0.0,0.0,0.0,0.0,0.0,0.0,0.0
00033560,Замок врезной Apecs 1823-NIS,"Описание серии Замки Apecs серии 18 - универсальные врезные замки под ручку и евроцилиндр для деревянных и лёгких металлических входных дверей с межосевым расстоянием 72 мм. По посадочным размерам замки 18 серии подходят для замены замка ЗАЗ ЗВ 4-6 «Мотор Сич» (г. Запорожье) и его аналогов. 
Рекомендуемая толщина двери: 50-70 мм. 
Рекомендации по использованию с другими товарами: 
- механизм секретности.",Apecs,1823,NI,box,12,,general,yes,yes,faceplate,55.0,72.0,classic/rectangular,,20.0,0.0,cylindrical,,,not included,,,33x17,0.0,0.0,0.0,0.0,0.0,0.0,0.0
00016818,Замок врезной Apecs 1027/60-G/GM,"Описание серии Замки Apecs серии 10 - универсальные врезные замки под ручку и евроцилиндр для деревянных межкомнатных и входных дверей с межосевым расстоянием 61,5 мм.  
Замки имеют сертификат соответствия согласно ГОСТ 5089-2011. 
В замках 1023/60 и 1027/60 присутствует подшипник в узле ручки, обеспечивающий плавность хода и долгий ресурс службы.  
Рекомендуемая толщина двери: 35 - 40 мм. 
Рекомендуемый вес двери: до 50 кг.",Apecs,1027/60,G,box,20,,general,yes,yes,faceplate,40.0,61.5,cylindrical,3,18.0,12.0,cylindrical,flat key,5,included,30/30,brass,33x17,0.0,0.0,0.0,0.0,0.0,0.0,0.0
00015576,Замок врезной Apecs 1023/60-CR,"Описание серии Замки Apecs серии 10 - универсальные врезные замки под ручку и евроцилиндр для деревянных межкомнатных и входных дверей с межосевым расстоянием 61,5 мм.  
Замки имеют сертификат соответствия согласно ГОСТ 5089-2011. 
В замках 1023/60 и 1027/60 присутствует подшипник в узле ручки, обеспечивающий плавность хода и долгий ресурс службы.  
Рекомендуемая толщина двери: 35 - 40 мм. 
Рекомендуемый вес двери: до 50 кг.",Apecs,1023/60,CR,box,20,,general,yes,yes,faceplate,40.0,61.5,cylindrical,3,18.0,12.0,cylindrical,flat key,5,included,30/30,brass,33x17,0.0,0.0,0.0,0.0,0.0,0.0,0.0
00020136,"Замок врезной сувальдный Avers R34/S6-CR (5 keys, shank 50mm)","Описание серии Врезные сувальдные замки для деревянных и легких металлических дверей, технических дверей, дверей подсобных помещений. Ответная планка и декоративные накладки на сувальдный ключ: в комплекте.",Avers,34/,CR,pack,30,,general,yes,no,faceplate,78.5,0.0,cylindrical,3,22.0,14.0,sdeadbolt with double bit,,5,,,,33x17,0.0,0.0,0.0,0.0,0.0,0.0,0.0
00017399,Замок врезной Apecs 1527/60-AB,"Описание серии Замки Apecs серии 15 - универсальные врезные замки под ручку и евроцилиндр для деревянных межкомнатных и входных дверей с межосевым расстоянием 70 мм.  
Замки имеют сертификат соответствия согласно ГОСТ 5089-2011. 
Рекомендуемая толщина двери: 35 - 40 мм. 
Рекомендуемый вес двери: до 50 кг.",Apecs,1527/60,AB,box,20,,general,yes,yes,faceplate,45.0,70.0,cylindrical,3,20.0,12.0,cylindrical,flat key,5,included,30/30,brass,33x17,0.0,0.0,0.0,0.0,0.0,0.0,0.0
00033809,"Замок врезной сувальдный Avers T-47/S6-CR (w/o BP, w/o DP, 4 keys, shank 75mm)","Описание серии Замки врезные  для входных металлических дверей. 
Замки T-0523-C-L/R - замки врезные для входных металлических дверей, с ручками на планке и дополнительной задвижкой, без цилиндрового механизма. Рекомендуемая толщина двери: 40 - 60 мм. 
Рекомендации по использованию с другими товарами (приобретаются отдельно): 
- цилиндровый механизм. 
Замок T-42 - замок врезной для легких входных металлических дверей под ручку и евроцилиндр.  
Рекомендации по использованию с другими товарами (приобретаются отдельно): 
- цилиндровый механизм; 
- ручки на планке под евроцилиндр с межосевым расстоянием 85 мм; 
- ручки раздельные совместно с цилиндровыми накладками: 
- ручки раздельные совместно с броненакладками или защитными накладками на цилиндровый механизм. 
Замок  T-47/S6-CR - замок врезной под сувальдный ключ.  
Рекомендации по использованию с другими товарами (приобретаются отдельно): 
- накладки сувальдные. 
Замок T-32 - замок врезной для входных металлических дверей под ручку и евроцилиндр.  
Рекомендации по использованию с другими товарами (приобретаются отдельно): 
- цилиндровый механизм; 
- ручки на планке под евроцилиндр с межосевым расстоянием 85 мм; 
- ручки раздельные совместно с цилиндровыми накладками: 
- ручки раздельные совместно с броненакладками или защитными накладками на цилиндровый механизм. 
Замок  T-37/S6-CR - замок врезной под сувальдный ключ.  
Рекомендации по использованию с другими товарами (приобретаются отдельно): 
- накладки сувальдные.",Avers,47/,CR,box,30,,general,yes,no,faceplate,60.0,0.0,cylindrical,3,26.0,14.0,sdeadbolt with double bit,,4,,,,33x17,0.0,0.0,0.0,0.0,0.0,0.0,0.0
00006365,Замок врезной Apecs 30-R-CR,"Описание серии Врезные замки без ручек под евроцилиндр для межкомнатных деревянных дверей, технических дверей, дверей подсобных помещений. 
Замки имеют сертификат соответствия 2 классу по ГОСТ 5089-2011. 
Ответная планка: в комплекте. 
Рекомендуемая толщина двери: 35-50 мм.",Apecs,30,CR,box,28,,general,no,yes,faceplate,50.0,0.0,classic/rectangular,,20.0,0.0,cylindrical,,,not included,,,33x17,0.0,0.0,0.0,0.0,0.0,0.0,0.0
00000076,Замок врезной Apecs 2200/70-G,"Описание серии Замки Apecs серии 22 -  универсальные врезные замки под ручку и евроцилиндр для деревянных межкомнатных и входных дверей с межосевым расстоянием 85 мм.  
Замки имеют сертификат соответствия согласно ГОСТ 5089-2011. 
В замках серии 22 присутствует подшипник в узле ручки, обеспечивающий плавность хода и долгий ресурс службы.  
Рекомендуемая толщина двери: 35 - 40 мм. 
Рекомендуемый вес двери: до 50 кг.",Apecs,2200/70,G,box,28,,general,yes,yes,faceplate,45.0,85.0,cylindrical,3,20.0,12.0,cylindrical,flat key,5,included,35/35,brass,33x17,0.0,0.0,0.0,0.0,0.0,0.0,0.0
00017396,Замок врезной Apecs 1523/60-AB,"Описание серии Замки Apecs серии 15 - универсальные врезные замки под ручку и евроцилиндр для деревянных межкомнатных и входных дверей с межосевым расстоянием 70 мм.  
Замки имеют сертификат соответствия согласно ГОСТ 5089-2011. 
Рекомендуемая толщина двери: 35 - 40 мм. 
Рекомендуемый вес двери: до 50 кг.",Apecs,1523/60,AB,box,20,,general,yes,yes,faceplate,45.0,70.0,cylindrical,3,20.0,12.0,cylindrical,flat key,5,included,30/30,brass,33x17,0.0,0.0,0.0,0.0,0.0,0.0,0.0
00017282,Замок врезной Apecs T-0523-C-AB-L,"Описание серии Надёжные сувальдные и цилиндровые замки Apecs серий T-52, T-52/S8, T-05, T-05-C и T-0523-C для металлических входных дверей. 
Замки имеют сертификат соответствия согласно ГОСТ 5089-2011. 
Рекомендуемая толщина двери для замков, укомплектованных ручками на планке T-0523-C: 40 - 60 мм. 
В замках T-05, T-05-C, T-52, T-52/S8 присутствует подшипник в узле ручки, обеспечивающий плавность хода и долгий ресурс службы.  
Рекомендации по использованию с другими товарами (приобретаются отдельно): 
- для T-05, T-05-C, T-52 и T-0523-C: механизм секретности  3 класса согласно ГОСТ и выше; 
- для T-52, T-05: ручки на планке под  евроцилиндр с межосевым расстоянием 85 мм или ручки дверные раздельные совместно с накладками на цилиндр DP-C; 
- для T-05-C - поворотник для задвижки с квадратом сечения 6 мм, ручки дверные раздельные совместно с накладками на цилиндр DP-C; 
- для T-52/S8 - ручки на планке под сувальдный ключ co шторкой  с межосевым расстоянием 85 мм - HP-85.0423-S или ручки дверные раздельные совместно с накладками сувальдными со шторкой и без шторки.",Apecs,0523,AB,box,10,,general,yes,no,faceplate,60.0,80.0,cylindrical,3,24.0,18.0,cylindrical,,,not included,,,33x17,0.0,0.0,0.0,0.0,0.0,0.0,0.0
00016644,Замок врезной Apecs 7000-30-NI,"Описание серии Врезные замки для дверей из ПВХ профиля. 
Ассортимент представлен моделями с роликовым фиксатором (индекс ""R"")  и моделями под ручку с фалевой защелкой. 
Замки имеют сертификат соответствия согласно ГОСТ 5089-2011. 
Замки не комплектуются ответной планкой.  
Удаление ключевого отверстия (Backset): 25, 30, 35, 40 и 45 мм. 
В корпусах с Backset 35, 40, 45 мм имеются отверстия для крепления раздельных ручек стяжными винтами, посадочный размер 38 мм. 
Рекомендации по использованию с другими товарами (приобретаются отдельно): 
- механизм секретности  2 класса согласно ГОСТ и выше; 
- 00016666 ручки на планке Apecs HP-92.7005-W; 
- 00016992 ручки дверные Apecs H-0931-W; 
- 00016822 накладки цилиндровые Apecs DP-C-09-W; 
- 00017881 ручки дверные Apecs H-0903-INOX 
- 00017882 накладки цилиндровые Apecs DP-C-09-INOX; 
- 00027547 ответная планка Apecs BP-7000-ZN.",Apecs,7000,NI,pack,30,,PVC profile doors,yes,yes,faceplate,30.0,92.0,classic/rectangular,,20.0,0.0,cylindrical,,,not included,,,33x17,0.0,0.0,0.0,0.0,0.0,0.0,0.0
00033810,"Замок врезной сувальдный Avers T-52/S8-CR (w/o BP, w/o DP, 4 keys, shank 75mm)","Описание серии Замки врезные  для входных металлических дверей. 
Замки T-0523-C-L/R - замки врезные для входных металлических дверей, с ручками на планке и дополнительной задвижкой, без цилиндрового механизма. Рекомендуемая толщина двери: 40 - 60 мм. 
Рекомендации по использованию с другими товарами (приобретаются отдельно): 
- цилиндровый механизм. 
Замок T-42 - замок врезной для легких входных металлических дверей под ручку и евроцилиндр.  
Рекомендации по использованию с другими товарами (приобретаются отдельно): 
- цилиндровый механизм; 
- ручки на планке под евроцилиндр с межосевым расстоянием 85 мм; 
- ручки раздельные совместно с цилиндровыми накладками: 
- ручки раздельные совместно с броненакладками или защитными накладками на цилиндровый механизм. 
Замок  T-47/S6-CR - замок врезной под сувальдный ключ.  
Рекомендации по использованию с другими товарами (приобретаются отдельно): 
- накладки сувальдные. 
Замок T-32 - замок врезной для входных металлических дверей под ручку и евроцилиндр.  
Рекомендации по использованию с другими товарами (приобретаются отдельно): 
- цилиндровый механизм; 
- ручки на планке под евроцилиндр с межосевым расстоянием 85 мм; 
- ручки раздельные совместно с цилиндровыми накладками: 
- ручки раздельные совместно с броненакладками или защитными накладками на цилиндровый механизм. 
Замок  T-37/S6-CR - замок врезной под сувальдный ключ.  
Рекомендации по использованию с другими товарами (приобретаются отдельно): 
- накладки сувальдные.",Avers,52/,CR,box,10,,general,yes,no,faceplate,60.0,85.0,cylindrical,3,36.0,16.0,sdeadbolt with double bit,,4,,,,33x17,0.0,0.0,0.0,0.0,0.0,0.0,0.0
00016653,Замок врезной Apecs 7000-40-R-NI,"Описание серии Врезные замки для дверей из ПВХ профиля. 
Ассортимент представлен моделями с роликовым фиксатором (индекс ""R"")  и моделями под ручку с фалевой защелкой. 
Замки имеют сертификат соответствия согласно ГОСТ 5089-2011. 
Замки не комплектуются ответной планкой.  
Удаление ключевого отверстия (Backset): 25, 30, 35, 40 и 45 мм. 
В корпусах с Backset 35, 40, 45 мм имеются отверстия для крепления раздельных ручек стяжными винтами, посадочный размер 38 мм. 
Рекомендации по использованию с другими товарами (приобретаются отдельно): 
- механизм секретности  2 класса согласно ГОСТ и выше; 
- 00016666 ручки на планке Apecs HP-92.7005-W; 
- 00016992 ручки дверные Apecs H-0931-W; 
- 00016822 накладки цилиндровые Apecs DP-C-09-W; 
- 00017881 ручки дверные Apecs H-0903-INOX 
- 00017882 накладки цилиндровые Apecs DP-C-09-INOX; 
- 00027547 ответная планка Apecs BP-7000-ZN.",Apecs,7000,NI,pack,30,,Узкопрофильные двери,yes,yes,faceplate,40.0,0.0,classic/rectangular,,20.0,0.0,cylindrical,,,not included,,,33x17,0.0,0.0,0.0,0.0,0.0,0.0,0.0
00015579,Замок врезной Apecs 2223/60-G,"Описание серии Замки Apecs серии 22 -  универсальные врезные замки под ручку и евроцилиндр для деревянных межкомнатных и входных дверей с межосевым расстоянием 85 мм.  
Замки имеют сертификат соответствия согласно ГОСТ 5089-2011. 
В замках серии 22 присутствует подшипник в узле ручки, обеспечивающий плавность хода и долгий ресурс службы.  
Рекомендуемая толщина двери: 35 - 40 мм. 
Рекомендуемый вес двери: до 50 кг.",Apecs,2223/60,G,box,10,,general,yes,yes,faceplate,45.0,85.0,cylindrical,3,20.0,12.0,cylindrical,flat key,5,included,30/30,brass,33x17,0.0,0.0,0.0,0.0,0.0,0.0,0.0
00028092,Замок врезной Avers 2226/70-AB,"Описание серии Замки Avers серии 22 -  универсальные врезные замки под ручку и евроцилиндр для деревянных межкомнатных и входных дверей с межосевым расстоянием 85 мм. В замках 22 серии присутствует подшипник в узле ручки, обеспечивающий плавность хода и долгий ресурс службы. 
Рекомендуемая толщина двери: 
- для замков 2210/60 - 35 - 40 мм; 
- для замков 2223/70 и 2226/70 - 35 - 50 мм. 
Рекомендуемый вес двери: до 50 кг.",Avers,2226/70,AB,box,10,,general,yes,yes,faceplate,45.0,85.0,cylindrical,3,20.0,12.0,cylindrical,flat key,5,included,35/35,ZAMAK,33x17,0.0,0.0,0.0,0.0,0.0,0.0,0.0
00017209,Замок врезной Avers 0827/60-AC,"Описание серии Врезные замки Avers серии 08 с ручками на планке и цилиндровым механизмом уменьшенного профиля 29,5 мм для легких деревянных дверей малой проходимости, с межосевым расстоянием 50 мм.  
Материал ручек на планке и цилиндрового механизма: алюминий. 
Рекомендуемая толщина двери: не более 36 мм. 
При необходимости замены цилиндра, рекомендуем приобрести цилиндровый механизм Avers серии LL.",Avers,0827/60,AC,box,24,,general,no,yes,faceplate,40.0,50.0,classic/rectangular,,16.0,0.0,cylindrical,flat key,5,included,30/30,aluminum,33x17,0.0,0.0,0.0,0.0,0.0,0.0,0.0
00011288,Замок врезной Apecs T-0523-C-G-L,"Описание серии Надёжные сувальдные и цилиндровые замки Apecs серий T-52, T-52/S8, T-05, T-05-C и T-0523-C для металлических входных дверей. 
Замки имеют сертификат соответствия согласно ГОСТ 5089-2011. 
Рекомендуемая толщина двери для замков, укомплектованных ручками на планке T-0523-C: 40 - 60 мм. 
В замках T-05, T-05-C, T-52, T-52/S8 присутствует подшипник в узле ручки, обеспечивающий плавность хода и долгий ресурс службы.  
Рекомендации по использованию с другими товарами (приобретаются отдельно): 
- для T-05, T-05-C, T-52 и T-0523-C: механизм секретности  3 класса согласно ГОСТ и выше; 
- для T-52, T-05: ручки на планке под  евроцилиндр с межосевым расстоянием 85 мм или ручки дверные раздельные совместно с накладками на цилиндр DP-C; 
- для T-05-C - поворотник для задвижки с квадратом сечения 6 мм, ручки дверные раздельные совместно с накладками на цилиндр DP-C; 
- для T-52/S8 - ручки на планке под сувальдный ключ co шторкой  с межосевым расстоянием 85 мм - HP-85.0423-S или ручки дверные раздельные совместно с накладками сувальдными со шторкой и без шторки.",Apecs,0523,G,box,10,,general,yes,no,faceplate,60.0,80.0,cylindrical,3,24.0,18.0,cylindrical,,,not included,,,33x17,0.0,0.0,0.0,0.0,0.0,0.0,0.0
00011258,Замок врезной Apecs T-0523-C-CR-L,"Описание серии Надёжные сувальдные и цилиндровые замки Apecs серий T-52, T-52/S8, T-05, T-05-C и T-0523-C для металлических входных дверей. 
Замки имеют сертификат соответствия согласно ГОСТ 5089-2011. 
Рекомендуемая толщина двери для замков, укомплектованных ручками на планке T-0523-C: 40 - 60 мм. 
В замках T-05, T-05-C, T-52, T-52/S8 присутствует подшипник в узле ручки, обеспечивающий плавность хода и долгий ресурс службы.  
Рекомендации по использованию с другими товарами (приобретаются отдельно): 
- для T-05, T-05-C, T-52 и T-0523-C: механизм секретности  3 класса согласно ГОСТ и выше; 
- для T-52, T-05: ручки на планке под  евроцилиндр с межосевым расстоянием 85 мм или ручки дверные раздельные совместно с накладками на цилиндр DP-C; 
- для T-05-C - поворотник для задвижки с квадратом сечения 6 мм, ручки дверные раздельные совместно с накладками на цилиндр DP-C; 
- для T-52/S8 - ручки на планке под сувальдный ключ co шторкой  с межосевым расстоянием 85 мм - HP-85.0423-S или ручки дверные раздельные совместно с накладками сувальдными со шторкой и без шторки.",Apecs,0523,CR,box,10,,general,yes,no,faceplate,60.0,80.0,cylindrical,3,24.0,18.0,cylindrical,,,not included,,,33x17,0.0,0.0,0.0,0.0,0.0,0.0,0.0
00017283,Замок врезной Apecs T-0523-C-AB-R,"Описание серии Надёжные сувальдные и цилиндровые замки Apecs серий T-52, T-52/S8, T-05, T-05-C и T-0523-C для металлических входных дверей. 
Замки имеют сертификат соответствия согласно ГОСТ 5089-2011. 
Рекомендуемая толщина двери для замков, укомплектованных ручками на планке T-0523-C: 40 - 60 мм. 
В замках T-05, T-05-C, T-52, T-52/S8 присутствует подшипник в узле ручки, обеспечивающий плавность хода и долгий ресурс службы.  
Рекомендации по использованию с другими товарами (приобретаются отдельно): 
- для T-05, T-05-C, T-52 и T-0523-C: механизм секретности  3 класса согласно ГОСТ и выше; 
- для T-52, T-05: ручки на планке под  евроцилиндр с межосевым расстоянием 85 мм или ручки дверные раздельные совместно с накладками на цилиндр DP-C; 
- для T-05-C - поворотник для задвижки с квадратом сечения 6 мм, ручки дверные раздельные совместно с накладками на цилиндр DP-C; 
- для T-52/S8 - ручки на планке под сувальдный ключ co шторкой  с межосевым расстоянием 85 мм - HP-85.0423-S или ручки дверные раздельные совместно с накладками сувальдными со шторкой и без шторки.",Apecs,0523,AB,box,10,,general,yes,no,faceplate,60.0,80.0,cylindrical,3,24.0,18.0,cylindrical,,,not included,,,33x17,0.0,0.0,0.0,0.0,0.0,0.0,0.0
00016897,Замок врезной противопожарный Apecs 2000-Panic-ZN,"Описание серии Универсальные замки Apecs 2000-Panic под ручку и евроцилиндр  с межосевым расстоянием 72 мм предназначены для установки на двери эвакуационных  и аварийных выходов. 
 
Замки сертифицированы согласно российских ГОСТ  31471-2011  и ГОСТ  5089-2011.  
Составной квадрат в комплекте замка при его использовании позволяет открывать замок изнутри помещения простым нажатием на ручку, даже если замок закрыт (функция ""Антипаника""). 
Рекомендуемая толщина двери: от 40 мм. 
Рекомендации по использованию с другими товарами (приобретаются отдельно) 
Корпус 2000  
- ручки штанги Apecs 1300A-Panic и Apecs 1700A-Panic; 
- ручка на планке Avers HP-72.1303-BL-RE (для 1300A, 1700A, w/o spring) (B2B); 
- ручки на планке  HP-72.1303-INOX и HP-72.1703-INOX; 
- ответная планка Apecs BP-2000-ZN. 
Корпус 2001 
- ручки штанги Apecs 1300С-Panic 
-тяги врезные Apecs MB-2001-Panic-ZN (1500 mm) (B2B) 
 
Продукция требует профессиональной установки и рекомендована для производителей и установщиков дверей эвакуационных и аварийных выходов.",Apecs,2000,,pack,24,,fireproof,yes,,bolts,65.0,72.0,classic/rectangular,,25.0,0.0,cylindrical,,,not included,,,33x17,0.0,0.0,0.0,0.0,0.0,0.0,0.0
00007201,Замок врезной Apecs T-05-CR,"Описание серии Надёжные сувальдные и цилиндровые замки Apecs серий T-52, T-52/S8, T-05, T-05-C и T-0523-C для металлических входных дверей. 
Замки имеют сертификат соответствия согласно ГОСТ 5089-2011. 
Рекомендуемая толщина двери для замков, укомплектованных ручками на планке T-0523-C: 40 - 60 мм. 
В замках T-05, T-05-C, T-52, T-52/S8 присутствует подшипник в узле ручки, обеспечивающий плавность хода и долгий ресурс службы.  
Рекомендации по использованию с другими товарами (приобретаются отдельно): 
- для T-05, T-05-C, T-52 и T-0523-C: механизм секретности  3 класса согласно ГОСТ и выше; 
- для T-52, T-05: ручки на планке под  евроцилиндр с межосевым расстоянием 85 мм или ручки дверные раздельные совместно с накладками на цилиндр DP-C; 
- для T-05-C - поворотник для задвижки с квадратом сечения 6 мм, ручки дверные раздельные совместно с накладками на цилиндр DP-C; 
- для T-52/S8 - ручки на планке под сувальдный ключ co шторкой  с межосевым расстоянием 85 мм - HP-85.0423-S или ручки дверные раздельные совместно с накладками сувальдными со шторкой и без шторки.",Apecs,05,CR,box,12,,general,yes,no,faceplate,60.0,85.0,cylindrical,4,24.0,18.0,cylindrical,,,not included,,,33x17,0.0,0.0,0.0,0.0,0.0,0.0,0.0
00006561,Замок врезной Apecs 91/60-CR,"Описание серии Врезные замки без ручек под евроцилиндр для межкомнатных деревянных дверей, технических дверей, дверей подсобных помещений. 
Замки имеют сертификат соответствия 2 классу по ГОСТ 5089-2011. 
Ответная планка: в комплекте. 
Рекомендуемая толщина двери: 35-50 мм.",Apecs,91/60,CR,box,28,,general,yes,yes,faceplate,50.0,0.0,cylindrical,3,30.0,14.0,cylindrical,flat key,5,included,30/30,brass,33x17,0.0,0.0,0.0,0.0,0.0,0.0,0.0
00028073,Замок врезной Avers 1223/60-AC,"Описание серии Замки Avers серии 12 - универсальные врезные замки под ручку и евроцилиндр для деревянных межкомнатных и входных дверей с межосевым расстоянием 70 мм.  
Рекомендуемая толщина двери: 35 - 40 мм. 
Рекомендуемый вес двери: до 40 кг.",Avers,1223/60,AC,box,20,,general,yes,yes,faceplate,40.0,70.0,classic/rectangular,,20.0,0.0,cylindrical,flat key,5,included,30/30,ZAMAK,33x17,0.0,0.0,0.0,0.0,0.0,0.0,0.0
00016817,Замок врезной Apecs 1027/60-NI/NIS,"Описание серии Замки Apecs серии 10 - универсальные врезные замки под ручку и евроцилиндр для деревянных межкомнатных и входных дверей с межосевым расстоянием 61,5 мм.  
Замки имеют сертификат соответствия согласно ГОСТ 5089-2011. 
В замках 1023/60 и 1027/60 присутствует подшипник в узле ручки, обеспечивающий плавность хода и долгий ресурс службы.  
Рекомендуемая толщина двери: 35 - 40 мм. 
Рекомендуемый вес двери: до 50 кг.",Apecs,1027/60,NI,box,20,,general,yes,yes,faceplate,40.0,61.5,cylindrical,3,18.0,12.0,cylindrical,flat key,5,included,30/30,brass,33x17,0.0,0.0,0.0,0.0,0.0,0.0,0.0
00033601,Замок врезной Avers 1611/70-CR,"Описание серии Замок Avers 1611/70 - универсальный врезной замок с ручками на планке и евроцилиндром для деревянных дверей с межосевым расстоянием 55 мм. Универсальность замка достигается перестановкой защелки, что требует снятия крышки корпуса замка, Замок является полным аналогом врезного замка ДААЗ (г. Димитровград).  
Рекомендуемая толщина двери: 40-55 мм.",Avers,1611/70,CR,box,20,,general,,yes,faceplate,55.0,55.0,classic/rectangular,,22.0,0.0,cylindrical,flat key,4,included,35/35,ZAMAK,33x17,0.0,0.0,0.0,0.0,0.0,0.0,0.0
00000020,Замок врезной Apecs 1330/60-CR,"Описание серии Замки Apecs серии 13 - универсальные врезные замки под ручку и евроцилиндр для деревянных и  металлических входных дверей с межосевым расстоянием 80 мм.  
Замки имеют сертификат соответствия согласно ГОСТ 5089-2011. 
Рекомендуемая толщина двери: 35 - 40 мм. 
Рекомендуемый вес двери: до 50 кг.",Apecs,1330/60,CR,box,16,,general,yes,yes,faceplate,40.0,80.0,classic/rectangular,,20.0,0.0,cylindrical,flat key,5,included,30/30,brass,33x17,0.0,0.0,0.0,0.0,0.0,0.0,0.0
00028792,Замок врезной Avers T-0523-C-CR-R,"Описание серии Замки врезные  для входных металлических дверей. 
Замки T-0523-C-L/R - замки врезные для входных металлических дверей, с ручками на планке и дополнительной задвижкой, без цилиндрового механизма. Рекомендуемая толщина двери: 40 - 60 мм. 
Рекомендации по использованию с другими товарами (приобретаются отдельно): 
- цилиндровый механизм. 
Замок T-42 - замок врезной для легких входных металлических дверей под ручку и евроцилиндр.  
Рекомендации по использованию с другими товарами (приобретаются отдельно): 
- цилиндровый механизм; 
- ручки на планке под евроцилиндр с межосевым расстоянием 85 мм; 
- ручки раздельные совместно с цилиндровыми накладками: 
- ручки раздельные совместно с броненакладками или защитными накладками на цилиндровый механизм. 
Замок  T-47/S6-CR - замок врезной под сувальдный ключ.  
Рекомендации по использованию с другими товарами (приобретаются отдельно): 
- накладки сувальдные. 
Замок T-32 - замок врезной для входных металлических дверей под ручку и евроцилиндр.  
Рекомендации по использованию с другими товарами (приобретаются отдельно): 
- цилиндровый механизм; 
- ручки на планке под евроцилиндр с межосевым расстоянием 85 мм; 
- ручки раздельные совместно с цилиндровыми накладками: 
- ручки раздельные совместно с броненакладками или защитными накладками на цилиндровый механизм. 
Замок  T-37/S6-CR - замок врезной под сувальдный ключ.  
Рекомендации по использованию с другими товарами (приобретаются отдельно): 
- накладки сувальдные.",Avers,0523,CR,box,10,,general,yes,no,faceplate,60.0,80.0,cylindrical,3,25.0,18.0,cylindrical,,,not included,,,33x17,0.0,0.0,0.0,0.0,0.0,0.0,0.0
00017224,Замок врезной Apecs 99-K-CR,"Описание серии Замки с крестовым механизмом секретности для межкомнатных деревянных дверей, технических дверей, дверей подсобных помещений. 
Ответная планка: в комплекте. 
Рекомендуемая толщина двери: 35-60 мм.",Apecs,99,CR,box,28,,general,yes,yes,faceplate,50.0,0.0,cylindrical,4,28.5,12.0,cylindrical,,,,,,33x17,0.0,0.0,0.0,0.0,0.0,0.0,0.0
00022174,Замок врезной Apecs 2600-CR,"Описание серии Врезные замки под ручку и евроцилиндр для деревянных и легких металлических входных дверей.  
Замки имеют сертификат соответствия согласно ГОСТ 5089-2011. 
В замках присутствует подшипник в узле ручки, обеспечивающий плавность хода и долгий ресурс службы.  
Рекомендации по использованию с другими товарами (приобретаются отдельно): 
- механизм секретности  2 класса согласно ГОСТ и выше; 
- ответная планка Apecs BP-2800 или Apecs BP-2801 при установке замков в деревянные двери; 
- ручки на планке под евроцилиндр с межосевым расстоянием 85 мм/раздельные ручки в комплекте с накладками цилиндровыми/раздельные ручки в комплекте с накладной или врезной броненакладкой Apecs.",Apecs,2600,CR,box,30,,general,yes,yes,faceplate,45.0,85.0,cylindrical,3,20.0,12.0,cylindrical,,,not included,,,33x17,0.0,0.0,0.0,0.0,0.0,0.0,0.0
00017213,Замок врезной Avers 0827/60-C-AC,"Описание серии Врезные замки Avers серии 08 с ручками на планке и цилиндровым механизмом уменьшенного профиля 29,5 мм для легких деревянных дверей малой проходимости, с межосевым расстоянием 50 мм.  
Материал ручек на планке и цилиндрового механизма: алюминий. 
Рекомендуемая толщина двери: не более 36 мм. 
При необходимости замены цилиндра, рекомендуем приобрести цилиндровый механизм Avers серии LL.",Avers,0827/60,AC,box,24,,general,no,yes,faceplate,40.0,50.0,classic/rectangular,,16.0,0.0,cylindrical,flat key,5,included,30/30,aluminum,33x17,0.0,0.0,0.0,0.0,0.0,0.0,0.0
00017215,Замок врезной Avers 0827/60-C-NI,"Описание серии Врезные замки Avers серии 08 с ручками на планке и цилиндровым механизмом уменьшенного профиля 29,5 мм для легких деревянных дверей малой проходимости, с межосевым расстоянием 50 мм.  
Материал ручек на планке и цилиндрового механизма: алюминий. 
Рекомендуемая толщина двери: не более 36 мм. 
При необходимости замены цилиндра, рекомендуем приобрести цилиндровый механизм Avers серии LL.",Avers,0827/60,NI,box,24,,general,no,yes,faceplate,40.0,50.0,classic/rectangular,,16.0,0.0,cylindrical,flat key,5,included,30/30,aluminum,33x17,0.0,0.0,0.0,0.0,0.0,0.0,0.0
00017205,Замок врезной Avers 0823/60-C-AC,"Описание серии Врезные замки Avers серии 08 с ручками на планке и цилиндровым механизмом уменьшенного профиля 29,5 мм для легких деревянных дверей малой проходимости, с межосевым расстоянием 50 мм.  
Материал ручек на планке и цилиндрового механизма: алюминий. 
Рекомендуемая толщина двери: не более 36 мм. 
При необходимости замены цилиндра, рекомендуем приобрести цилиндровый механизм Avers серии LL.",Avers,0823/60,AC,box,24,,general,no,yes,faceplate,40.0,50.0,classic/rectangular,,16.0,0.0,cylindrical,flat key,5,included,30/30,aluminum,33x17,0.0,0.0,0.0,0.0,0.0,0.0,0.0
00035130,Замок врезной противопожарный Apecs 2001-Panic-ZN (with DB set),"Описание серии Универсальные замки Apecs 2000-Panic под ручку и евроцилиндр  с межосевым расстоянием 72 мм предназначены для установки на двери эвакуационных  и аварийных выходов. 
 
Замки сертифицированы согласно российских ГОСТ  31471-2011  и ГОСТ  5089-2011.  
Составной квадрат в комплекте замка при его использовании позволяет открывать замок изнутри помещения простым нажатием на ручку, даже если замок закрыт (функция ""Антипаника""). 
Рекомендуемая толщина двери: от 40 мм. 
Рекомендации по использованию с другими товарами (приобретаются отдельно) 
Корпус 2000  
- ручки штанги Apecs 1300A-Panic и Apecs 1700A-Panic; 
- ручка на планке Avers HP-72.1303-BL-RE (для 1300A, 1700A, w/o spring) (B2B); 
- ручки на планке  HP-72.1303-INOX и HP-72.1703-INOX; 
- ответная планка Apecs BP-2000-ZN. 
Корпус 2001 
- ручки штанги Apecs 1300С-Panic 
-тяги врезные Apecs MB-2001-Panic-ZN (1500 mm) (B2B) 
 
Продукция требует профессиональной установки и рекомендована для производителей и установщиков дверей эвакуационных и аварийных выходов.",Apecs,2001,,box,12,,fireproof,yes,,bolts,65.0,0.0,Реверсивный взводной,,25.0,0.0,Без механизма секретности,,,,,,33x17,0.0,0.0,0.0,0.0,0.0,0.0,0.0
00017204,Замок врезной Avers 0823/60-C-AB,"Описание серии Врезные замки Avers серии 08 с ручками на планке и цилиндровым механизмом уменьшенного профиля 29,5 мм для легких деревянных дверей малой проходимости, с межосевым расстоянием 50 мм.  
Материал ручек на планке и цилиндрового механизма: алюминий. 
Рекомендуемая толщина двери: не более 36 мм. 
При необходимости замены цилиндра, рекомендуем приобрести цилиндровый механизм Avers серии LL.",Avers,0823/60,AB,box,24,,general,no,yes,faceplate,40.0,50.0,classic/rectangular,,16.0,0.0,cylindrical,flat key,5,included,30/30,aluminum,33x17,0.0,0.0,0.0,0.0,0.0,0.0,0.0
00013912,Замок врезной Apecs 1623-CR,"Описание серии Замки Apecs серии 16 - универсальные врезные замки под ручку и евроцилиндр для деревянных и  металлических входных дверей с межосевым расстоянием 55 мм. 
По посадочным размерам замки 16 серии подходят для замены замков ДААЗ, Зенит ЗВ4-3.1 (04,06) и замков Меттем с межосевым расстоянием 55 мм. 
Замки имеют сертификат соответствия согласно ГОСТ 5089-2011. 
Рекомендуемая толщина двери: 40 - 60 мм. 
Рекомендации по использованию с другими товарами: 
- механизм секретности  3 класса согласно ГОСТ и выше.",Apecs,1623,CR,box,12,,general,yes,yes,faceplate,55.0,55.0,classic/rectangular,,20.0,0.0,cylindrical,,,not included,,,33x17,0.0,0.0,0.0,0.0,0.0,0.0,0.0
00010966,Замок врезной Apecs 71-K-CR,"Описание серии Замки с крестовым механизмом секретности для межкомнатных деревянных дверей, технических дверей, дверей подсобных помещений. 
Ответная планка: в комплекте. 
Рекомендуемая толщина двери: 35-60 мм.",Apecs,71,CR,box,48,,Узкопрофильные двери,yes,yes,faceplate,20.0,0.0,classic/rectangular,,23.0,0.0,cylindrical,,5,,,,33x17,0.0,0.0,0.0,0.0,0.0,0.0,0.0
00025704,Замок врезной Apecs 7300-20-NIS,"Описание серии Врезные замки для дверей из алюминиевого профиля. 
Ассортимент представлен моделями с роликовым фиксатором (индекс ""R"")  и моделями под ручку с фалевой защелкой. Универсальная фалевая защелка. Роликовый фиксатор регулируется по вылету от 0 до 8 мм. 
Замки имеют сертификат соответствия согласно ГОСТ 5089-2011. 
Замки с фалевой защелкой комплектуются ответной планкой. 
Замки с роликовым фиксатором комплектуются ответной планкой и декоративными накладками на цилиндр. 
Рекомендации по использованию с другими товарами (приобретаются отдельно): 
- механизм секретности  2 класса согласно ГОСТ и выше; 
-  00017881 ручки дверные Apecs H-0903-INOX; 
- 00017882 накладки цилиндровые Apecs DP-C-09-INOX; 
- 00027547 ответная планка Apecs BP-7000-ZN.",Apecs,7300,NI,pack,30,,aluminum profile doors,yes,yes,faceplate,20.0,85.0,classic/rectangular,,15.0,0.0,cylindrical,,,not included,,,33x17,0.0,0.0,0.0,0.0,0.0,0.0,0.0
00016652,Замок врезной Apecs 7000-35-R-NI,"Описание серии Врезные замки для дверей из ПВХ профиля. 
Ассортимент представлен моделями с роликовым фиксатором (индекс ""R"")  и моделями под ручку с фалевой защелкой. 
Замки имеют сертификат соответствия согласно ГОСТ 5089-2011. 
Замки не комплектуются ответной планкой.  
Удаление ключевого отверстия (Backset): 25, 30, 35, 40 и 45 мм. 
В корпусах с Backset 35, 40, 45 мм имеются отверстия для крепления раздельных ручек стяжными винтами, посадочный размер 38 мм. 
Рекомендации по использованию с другими товарами (приобретаются отдельно): 
- механизм секретности  2 класса согласно ГОСТ и выше; 
- 00016666 ручки на планке Apecs HP-92.7005-W; 
- 00016992 ручки дверные Apecs H-0931-W; 
- 00016822 накладки цилиндровые Apecs DP-C-09-W; 
- 00017881 ручки дверные Apecs H-0903-INOX 
- 00017882 накладки цилиндровые Apecs DP-C-09-INOX; 
- 00027547 ответная планка Apecs BP-7000-ZN.",Apecs,7000,NI,pack,30,,PVC profile doors,yes,yes,faceplate,35.0,0.0,classic/rectangular,,25.0,0.0,cylindrical,,,not included,,,33x17,0.0,0.0,0.0,0.0,0.0,0.0,0.0
00002875,Замок врезной Apecs 1226/60-G,"Описание серии Замки Apecs серии 12 - универсальные врезные замки под ручку и евроцилиндр для деревянных межкомнатных и входных дверей с межосевым расстоянием 70 мм.  
Замки имеют сертификат соответствия согласно ГОСТ 5089-2011. 
Рекомендуемая толщина двери: 35 - 40 мм. 
Рекомендуемый вес двери: до 40 кг.",Apecs,1226/60,G,box,16,,general,yes,yes,faceplate,40.0,70.0,classic/rectangular,,20.0,0.0,cylindrical,flat key,5,included,30/30,brass,33x17,0.0,0.0,0.0,0.0,0.0,0.0,0.0
00034946,Замок врезной противопожарный Avers 2002-ZN (B2B),"Описание серии Противопожарные замки Avers с межосевым расстоянием 72 мм предназначены для установки в сертифицированные деревянные и металлические противопожарные двери. 
Основные особенности противопожарных замков Avers:  
- оцинкованный стальной корпус; 
- механика не содержит легкоплавких деталей; 
- лицевая планка выполнена из оцинкованной стали. 
Рекомендации по использованию с другими товарами (приобретаются отдельно): 
- цилиндровый механизм; 
- ответная планка Apecs BP- 3000; 
- ручки на планке Avers/Apecs под евроцилиндр с межосевым расстоянием 72 мм/раздельные ручки в комплекте с накладками цилиндровыми - Apecs H-0203-BL (DP-C-02), совместно с переходником Apecs 8/9 мм/ раздельные ручки Apecs H-02XX-INOX  с накладками цилиндровыми  Apecs DP-C-02-INOX совместно с переходником Apecs 8/9 мм.",Avers,2002,,pack,24,,fireproof,yes,,bolts,65.0,72.0,classic/rectangular,,14.0,0.0,cylindrical,,,not included,,,33x17,0.0,0.0,0.0,0.0,0.0,0.0,0.0
00016646,Замок врезной Apecs 7000-40-NI,"Описание серии Врезные замки для дверей из ПВХ профиля. 
Ассортимент представлен моделями с роликовым фиксатором (индекс ""R"")  и моделями под ручку с фалевой защелкой. 
Замки имеют сертификат соответствия согласно ГОСТ 5089-2011. 
Замки не комплектуются ответной планкой.  
Удаление ключевого отверстия (Backset): 25, 30, 35, 40 и 45 мм. 
В корпусах с Backset 35, 40, 45 мм имеются отверстия для крепления раздельных ручек стяжными винтами, посадочный размер 38 мм. 
Рекомендации по использованию с другими товарами (приобретаются отдельно): 
- механизм секретности  2 класса согласно ГОСТ и выше; 
- 00016666 ручки на планке Apecs HP-92.7005-W; 
- 00016992 ручки дверные Apecs H-0931-W; 
- 00016822 накладки цилиндровые Apecs DP-C-09-W; 
- 00017881 ручки дверные Apecs H-0903-INOX 
- 00017882 накладки цилиндровые Apecs DP-C-09-INOX; 
- 00027547 ответная планка Apecs BP-7000-ZN.",Apecs,7000,NI,pack,30,,PVC profile doors,yes,yes,faceplate,40.0,92.0,classic/rectangular,,20.0,0.0,cylindrical,,,not included,,,33x17,0.0,0.0,0.0,0.0,0.0,0.0,0.0
00033845,"Замок врезной сувальдный Avers T-37/S6-CR (w/o BP, w/o DP, 5 keys, shank 60mm)","Описание серии Замки врезные  для входных металлических дверей. 
Замки T-0523-C-L/R - замки врезные для входных металлических дверей, с ручками на планке и дополнительной задвижкой, без цилиндрового механизма. Рекомендуемая толщина двери: 40 - 60 мм. 
Рекомендации по использованию с другими товарами (приобретаются отдельно): 
- цилиндровый механизм. 
Замок T-42 - замок врезной для легких входных металлических дверей под ручку и евроцилиндр.  
Рекомендации по использованию с другими товарами (приобретаются отдельно): 
- цилиндровый механизм; 
- ручки на планке под евроцилиндр с межосевым расстоянием 85 мм; 
- ручки раздельные совместно с цилиндровыми накладками: 
- ручки раздельные совместно с броненакладками или защитными накладками на цилиндровый механизм. 
Замок  T-47/S6-CR - замок врезной под сувальдный ключ.  
Рекомендации по использованию с другими товарами (приобретаются отдельно): 
- накладки сувальдные. 
Замок T-32 - замок врезной для входных металлических дверей под ручку и евроцилиндр.  
Рекомендации по использованию с другими товарами (приобретаются отдельно): 
- цилиндровый механизм; 
- ручки на планке под евроцилиндр с межосевым расстоянием 85 мм; 
- ручки раздельные совместно с цилиндровыми накладками: 
- ручки раздельные совместно с броненакладками или защитными накладками на цилиндровый механизм. 
Замок  T-37/S6-CR - замок врезной под сувальдный ключ.  
Рекомендации по использованию с другими товарами (приобретаются отдельно): 
- накладки сувальдные.",Avers,37/,CR,box,20,,general,yes,no,faceplate,68.0,0.0,cylindrical,3,26.0,16.0,sdeadbolt with double bit,,5,,,,33x17,0.0,0.0,0.0,0.0,0.0,0.0,0.0
00017203,Замок врезной Avers 0823/60-NI,"Описание серии Врезные замки Avers серии 08 с ручками на планке и цилиндровым механизмом уменьшенного профиля 29,5 мм для легких деревянных дверей малой проходимости, с межосевым расстоянием 50 мм.  
Материал ручек на планке и цилиндрового механизма: алюминий. 
Рекомендуемая толщина двери: не более 36 мм. 
При необходимости замены цилиндра, рекомендуем приобрести цилиндровый механизм Avers серии LL.",Avers,0823/60,NI,box,24,,general,no,yes,faceplate,40.0,50.0,classic/rectangular,,16.0,0.0,cylindrical,flat key,5,included,30/30,aluminum,33x17,0.0,0.0,0.0,0.0,0.0,0.0,0.0
00028094,Замок врезной Avers 2226/70-CR/NIS,"Описание серии Замки Avers серии 22 -  универсальные врезные замки под ручку и евроцилиндр для деревянных межкомнатных и входных дверей с межосевым расстоянием 85 мм. В замках 22 серии присутствует подшипник в узле ручки, обеспечивающий плавность хода и долгий ресурс службы. 
Рекомендуемая толщина двери: 
- для замков 2210/60 - 35 - 40 мм; 
- для замков 2223/70 и 2226/70 - 35 - 50 мм. 
Рекомендуемый вес двери: до 50 кг.",Avers,2226/70,CR,box,10,,general,yes,yes,faceplate,45.0,85.0,cylindrical,3,20.0,12.0,cylindrical,flat key,5,included,35/35,ZAMAK,33x17,0.0,0.0,0.0,0.0,0.0,0.0,0.0
00017212,Замок врезной Avers 0827/60-C-AB,"Описание серии Врезные замки Avers серии 08 с ручками на планке и цилиндровым механизмом уменьшенного профиля 29,5 мм для легких деревянных дверей малой проходимости, с межосевым расстоянием 50 мм.  
Материал ручек на планке и цилиндрового механизма: алюминий. 
Рекомендуемая толщина двери: не более 36 мм. 
При необходимости замены цилиндра, рекомендуем приобрести цилиндровый механизм Avers серии LL.",Avers,0827/60,AB,box,24,,general,no,yes,faceplate,40.0,50.0,classic/rectangular,,16.0,0.0,cylindrical,flat key,5,included,30/30,aluminum,33x17,0.0,0.0,0.0,0.0,0.0,0.0,0.0
00021074,Замок врезной противопожарный Apecs 1900-ZN,"Описание серии Противопожарные замки Apecs с межосевым расстоянием 72 мм предназначены для установки в сертифицированные деревянные и металлические противопожарные двери. 
Замки сертифицированы согласно российского ГОСТ  5089-2011 по 2 или 3 классу (в зависимости от модели). 
Основные особенности противопожарных замков:  
- оцинкованный стальной корпус; 
- механика не содержит легкоплавких деталей; 
- лицевая  планка выполнена из оцинкованной или  
нержавеющей стали. 
Рекомендации по использованию с другими товарами (приобретаются отдельно): 
- механизм секретности 2 или 3  класса согласно ГОСТ и выше (в зависимости от класса модели замка согласно ГОСТ); 
- ответные планки Apecs BP-1900, BP- 3000 или BP-8300 (в зависимости от модели замка); 
- ручки на планке Apecs под евроцилиндр с межосевым расстоянием 72 мм., 
-раздельные ручки в комплекте с накладками цилиндровыми - H-0203-BL (DP-C-02), совместно с переходником Apecs 8/9 мм.,( для замков 1900,2000,3000) 
- раздельные ручки Apecs H-02XX-INOX  с накладками цилиндровыми  Apecs DP-C-02-INOX совместно с переходником Apecs 8/9 мм. ( для замков 1900,2000,3000)",Apecs,1900,,pack,24,,fireproof,yes,,bolts,65.0,72.0,classic/rectangular,,21.0,0.0,cylindrical,,,not included,,,33x17,0.0,0.0,0.0,0.0,0.0,0.0,0.0
00017208,Замок врезной Avers 0827/60-AB,"Описание серии Врезные замки Avers серии 08 с ручками на планке и цилиндровым механизмом уменьшенного профиля 29,5 мм для легких деревянных дверей малой проходимости, с межосевым расстоянием 50 мм.  
Материал ручек на планке и цилиндрового механизма: алюминий. 
Рекомендуемая толщина двери: не более 36 мм. 
При необходимости замены цилиндра, рекомендуем приобрести цилиндровый механизм Avers серии LL.",Avers,0827/60,AB,box,24,,general,no,yes,faceplate,40.0,50.0,classic/rectangular,,16.0,0.0,cylindrical,flat key,5,included,30/30,aluminum,33x17,0.0,0.0,0.0,0.0,0.0,0.0,0.0
00011373,Замок врезной Apecs 6000-WC/S-G,"Описание серии Врезные замки для межкомнатных дверей. 
Рекомендации по использованию с другими товарами (приобретаются отдельно):  
- ручки дверные Avers H-0661; 
 - цилиндровый механизм или фиксатор Apecs, Avers WC-0608; 
- накладки пустые, сувальдные или цилиндровые Apecs, Avers серий 06. 
- ответная планка  Apecs BP-0045 или ответная планка Apecs BP-0068 (для дверей ""с четвертью"" - с притвором).",Apecs,6000,G,pack,45,,interior doors with notch,no,yes,screws,45.0,72.0,classic/rectangular,,15.0,0.0,sdeadbolt,,1,,,,33x17,0.0,0.0,0.0,0.0,0.0,0.0,0.0
00028069,Замок врезной Avers 1023/60-AC,"Описание серии Замки Avers серии 10 - универсальные врезные замки под ручку и евроцилиндр для деревянных межкомнатных и входных дверей с межосевым расстоянием 61,5 мм.  
В корпусе замка присутствует подшипник в узле ручки, обеспечивающий плавность хода и долгий ресурс службы.  
Рекомендуемая толщина двери: 35 - 40 мм. 
Рекомендуемый вес двери: до 50 кг.",Avers,1023/60,AC,box,20,,general,yes,yes,faceplate,40.0,61.5,cylindrical,3,18.0,12.0,cylindrical,flat key,5,included,30/30,ZAMAK,33x17,0.0,0.0,0.0,0.0,0.0,0.0,0.0
00020746,Замок врезной Avers ЗВ4-1-8 (бронза),,Avers,4,,box,10,,general,,yes,faceplate,55.0,55.0,cylindrical,3,23.0,12.0,cylindrical,flat key,4,included,35/35,ZAMAK,33x17,0.0,0.0,0.0,0.0,0.0,0.0,0.0
00011971,Замок врезной Apecs 1425-AB,"Описание серии Замки Apecs серии 14 - универсальные врезные замки под ручку и евроцилиндр для деревянных и  металлических входных дверей с межосевым расстоянием 58,5 мм. По посадочным размерам замки 14 серия подходят для замены замков ТНП25-0004 (Барановичи-ШО-25) и их аналогов. 
Замки имеют сертификат соответствия согласно ГОСТ 5089-2011. 
Рекомендуемая толщина двери: 40 - 60 мм. 
Рекомендации по использованию с другими товарами: 
- механизм секретности  3 класса согласно ГОСТ и выше; 
- ответная планка Apecs BP-1425 при установке замка в деревянные двери.",Apecs,1425,AB,box,12,,general,yes,yes,faceplate,55.0,58.5,classic/rectangular,,20.0,0.0,cylindrical,,,not included,,,33x17,0.0,0.0,0.0,0.0,0.0,0.0,0.0
00028070,Замок врезной Avers 1023/60-CR,"Описание серии Замки Avers серии 10 - универсальные врезные замки под ручку и евроцилиндр для деревянных межкомнатных и входных дверей с межосевым расстоянием 61,5 мм.  
В корпусе замка присутствует подшипник в узле ручки, обеспечивающий плавность хода и долгий ресурс службы.  
Рекомендуемая толщина двери: 35 - 40 мм. 
Рекомендуемый вес двери: до 50 кг.",Avers,1023/60,CR,box,20,,general,yes,yes,faceplate,40.0,61.5,cylindrical,3,18.0,12.0,cylindrical,flat key,5,included,30/30,ZAMAK,33x17,0.0,0.0,0.0,0.0,0.0,0.0,0.0
00017197,Замок врезной Apecs 1601-AB,"Описание серии Замки Apecs серии 16 - универсальные врезные замки под ручку и евроцилиндр для деревянных и  металлических входных дверей с межосевым расстоянием 55 мм. 
По посадочным размерам замки 16 серии подходят для замены замков ДААЗ, Зенит ЗВ4-3.1 (04,06) и замков Меттем с межосевым расстоянием 55 мм. 
Замки имеют сертификат соответствия согласно ГОСТ 5089-2011. 
Рекомендуемая толщина двери: 40 - 60 мм. 
Рекомендации по использованию с другими товарами: 
- механизм секретности  3 класса согласно ГОСТ и выше.",Apecs,1601,AB,box,12,,general,yes,yes,faceplate,55.0,55.0,classic/rectangular,,20.0,0.0,cylindrical,,,not included,,,33x17,0.0,0.0,0.0,0.0,0.0,0.0,0.0
00010967,Замок врезной Apecs 72-K-CR,"Описание серии Замки с крестовым механизмом секретности для межкомнатных деревянных дверей, технических дверей, дверей подсобных помещений. 
Ответная планка: в комплекте. 
Рекомендуемая толщина двери: 35-60 мм.",Apecs,72,CR,box,48,,Узкопрофильные двери,yes,yes,faceplate,20.0,0.0,Крюкообразный,,18.0,0.0,cylindrical,,5,,,,33x17,0.0,0.0,0.0,0.0,0.0,0.0,0.0
00020744,Замок врезной Avers ЗВ4-1-8 (белый),,Avers,4,,box,10,,general,,yes,faceplate,55.0,55.0,cylindrical,3,23.0,12.0,cylindrical,flat key,4,included,35/35,ZAMAK,33x17,0.0,0.0,0.0,0.0,0.0,0.0,0.0
00035395,Замок врезной Apecs 8300-M-INOX,"Описание серии Замки Apecs серии 83 M - универсальные врезные замки под ручку и евроцилиндр с магнитным язычком и выдвижным ригелем для межкомнатных и проектных дверей с межосевым расстоянием 72 мм.  
Рекомендуемая толщина двери: от 40 мм.",Apecs,8300,,box,20,,interior doors,no,,faceplate,55.0,72.0,classic/rectangular,,20.0,0.0,cylindrical,,,not included,,,33x17,0.0,0.0,0.0,0.0,0.0,0.0,0.0
00016821,Замок врезной Apecs 1227/60-G/GM,"Описание серии Замки Apecs серии 12 - универсальные врезные замки под ручку и евроцилиндр для деревянных межкомнатных и входных дверей с межосевым расстоянием 70 мм.  
Замки имеют сертификат соответствия согласно ГОСТ 5089-2011. 
Рекомендуемая толщина двери: 35 - 40 мм. 
Рекомендуемый вес двери: до 40 кг.",Apecs,1227/60,G,box,20,,general,yes,yes,faceplate,40.0,70.0,classic/rectangular,,20.0,0.0,cylindrical,flat key,5,included,30/30,brass,33x17,0.0,0.0,0.0,0.0,0.0,0.0,0.0
00028761,Замок врезной противопожарный Avers 2000-Panic-ZN,"Описание серии Универсальные замки Avers 2000-Panic под ручку и евроцилиндр с межосевым расстоянием 72 мм предназначены для установки на двери аварийных  выходов. 
Составной квадрат в комплекте замка при его использовании позволяет открывать замок изнутри помещения простым нажатием на ручку, даже если замок закрыт (функция ""Антипаника""). 
Рекомендуемая толщина двери: от 40 мм. 
Рекомендации по использованию с другими товарами (приобретаются отдельно):  
- ручки на планке  HP-72.1303 и HP-72.1703 
Замок нельзя использовать с руками-штангами  APECS 1700A. 
Продукция требует профессиональной установки и рекомендована для производителей и установщиков дверей аварийных выходов.",Avers,2000,,pack,24,,fireproof,yes,,bolts,65.0,72.0,classic/rectangular,,14.0,0.0,cylindrical,,,not included,,,33x17,0.0,0.0,0.0,0.0,0.0,0.0,0.0
00002728,Замок врезной Apecs 90-K-CR,"Описание серии Замки с крестовым механизмом секретности для межкомнатных деревянных дверей, технических дверей, дверей подсобных помещений. 
Ответная планка: в комплекте. 
Рекомендуемая толщина двери: 35-60 мм.",Apecs,90,CR,box,48,,general,,yes,faceplate,45.0,0.0,classic/rectangular,,23.0,0.0,cylindrical,,5,,,,33x17,0.0,0.0,0.0,0.0,0.0,0.0,0.0
00015715,Замок врезной противопожарный Apecs 1900-INOX,"Описание серии Противопожарные замки Apecs с межосевым расстоянием 72 мм предназначены для установки в сертифицированные деревянные и металлические противопожарные двери. 
Замки сертифицированы согласно российского ГОСТ  5089-2011 по 2 или 3 классу (в зависимости от модели). 
Основные особенности противопожарных замков:  
- оцинкованный стальной корпус; 
- механика не содержит легкоплавких деталей; 
- лицевая  планка выполнена из оцинкованной или  
нержавеющей стали. 
Рекомендации по использованию с другими товарами (приобретаются отдельно): 
- механизм секретности 2 или 3  класса согласно ГОСТ и выше (в зависимости от класса модели замка согласно ГОСТ); 
- ответные планки Apecs BP-1900, BP- 3000 или BP-8300 (в зависимости от модели замка); 
- ручки на планке Apecs под евроцилиндр с межосевым расстоянием 72 мм., 
-раздельные ручки в комплекте с накладками цилиндровыми - H-0203-BL (DP-C-02), совместно с переходником Apecs 8/9 мм.,( для замков 1900,2000,3000) 
- раздельные ручки Apecs H-02XX-INOX  с накладками цилиндровыми  Apecs DP-C-02-INOX совместно с переходником Apecs 8/9 мм. ( для замков 1900,2000,3000)",Apecs,1900,,pack,24,,fireproof,yes,,faceplate,65.0,72.0,classic/rectangular,,21.0,0.0,cylindrical,,,not included,,,33x17,0.0,0.0,0.0,0.0,0.0,0.0,0.0
00028086,Замок врезной Avers 2210/60-BN,"Описание серии Замки Avers серии 22 -  универсальные врезные замки под ручку и евроцилиндр для деревянных межкомнатных и входных дверей с межосевым расстоянием 85 мм. В замках 22 серии присутствует подшипник в узле ручки, обеспечивающий плавность хода и долгий ресурс службы. 
Рекомендуемая толщина двери: 
- для замков 2210/60 - 35 - 40 мм; 
- для замков 2223/70 и 2226/70 - 35 - 50 мм. 
Рекомендуемый вес двери: до 50 кг.",Avers,2210/60,,box,10,,general,yes,yes,faceplate,45.0,85.0,cylindrical,3,20.0,12.0,cylindrical,flat key,5,included,30/30,ZAMAK,33x17,0.0,0.0,0.0,0.0,0.0,0.0,0.0
00025705,Замок врезной Apecs 7300-20-R-NIS,"Описание серии Врезные замки для дверей из алюминиевого профиля. 
Ассортимент представлен моделями с роликовым фиксатором (индекс ""R"")  и моделями под ручку с фалевой защелкой. Универсальная фалевая защелка. Роликовый фиксатор регулируется по вылету от 0 до 8 мм. 
Замки имеют сертификат соответствия согласно ГОСТ 5089-2011. 
Замки с фалевой защелкой комплектуются ответной планкой. 
Замки с роликовым фиксатором комплектуются ответной планкой и декоративными накладками на цилиндр. 
Рекомендации по использованию с другими товарами (приобретаются отдельно): 
- механизм секретности  2 класса согласно ГОСТ и выше; 
-  00017881 ручки дверные Apecs H-0903-INOX; 
- 00017882 накладки цилиндровые Apecs DP-C-09-INOX; 
- 00027547 ответная планка Apecs BP-7000-ZN.",Apecs,7300,NI,pack,30,,aluminum profile doors,yes,yes,faceplate,20.0,0.0,classic/rectangular,,15.0,0.0,cylindrical,,,not included,,,33x17,0.0,0.0,0.0,0.0,0.0,0.0,0.0
00025707,Замок врезной Apecs 7300-25-R-NIS,"Описание серии Врезные замки для дверей из алюминиевого профиля. 
Ассортимент представлен моделями с роликовым фиксатором (индекс ""R"")  и моделями под ручку с фалевой защелкой. Универсальная фалевая защелка. Роликовый фиксатор регулируется по вылету от 0 до 8 мм. 
Замки имеют сертификат соответствия согласно ГОСТ 5089-2011. 
Замки с фалевой защелкой комплектуются ответной планкой. 
Замки с роликовым фиксатором комплектуются ответной планкой и декоративными накладками на цилиндр. 
Рекомендации по использованию с другими товарами (приобретаются отдельно): 
- механизм секретности  2 класса согласно ГОСТ и выше; 
-  00017881 ручки дверные Apecs H-0903-INOX; 
- 00017882 накладки цилиндровые Apecs DP-C-09-INOX; 
- 00027547 ответная планка Apecs BP-7000-ZN.",Apecs,7300,NI,pack,30,,aluminum profile doors,yes,yes,faceplate,25.0,0.0,classic/rectangular,,15.0,0.0,cylindrical,,,not included,,,33x17,0.0,0.0,0.0,0.0,0.0,0.0,0.0
00020750,Замок врезной сувальдный Avers ЗВ9-4-1-4 (бронза),,Avers,9,,box,10,,general,,yes,faceplate,55.0,55.0,cylindrical,3,23.0,12.0,sdeadbolt with double bit,,3,,,,33x17,0.0,0.0,0.0,0.0,0.0,0.0,0.0
00028074,Замок врезной Avers 1223/60-CR,"Описание серии Замки Avers серии 12 - универсальные врезные замки под ручку и евроцилиндр для деревянных межкомнатных и входных дверей с межосевым расстоянием 70 мм.  
Рекомендуемая толщина двери: 35 - 40 мм. 
Рекомендуемый вес двери: до 40 кг.",Avers,1223/60,CR,box,20,,general,yes,yes,faceplate,40.0,70.0,classic/rectangular,,20.0,0.0,cylindrical,flat key,5,included,30/30,ZAMAK,33x17,0.0,0.0,0.0,0.0,0.0,0.0,0.0
00028790,Замок врезной Avers T-0523-C-AB-R,"Описание серии Замки врезные  для входных металлических дверей. 
Замки T-0523-C-L/R - замки врезные для входных металлических дверей, с ручками на планке и дополнительной задвижкой, без цилиндрового механизма. Рекомендуемая толщина двери: 40 - 60 мм. 
Рекомендации по использованию с другими товарами (приобретаются отдельно): 
- цилиндровый механизм. 
Замок T-42 - замок врезной для легких входных металлических дверей под ручку и евроцилиндр.  
Рекомендации по использованию с другими товарами (приобретаются отдельно): 
- цилиндровый механизм; 
- ручки на планке под евроцилиндр с межосевым расстоянием 85 мм; 
- ручки раздельные совместно с цилиндровыми накладками: 
- ручки раздельные совместно с броненакладками или защитными накладками на цилиндровый механизм. 
Замок  T-47/S6-CR - замок врезной под сувальдный ключ.  
Рекомендации по использованию с другими товарами (приобретаются отдельно): 
- накладки сувальдные. 
Замок T-32 - замок врезной для входных металлических дверей под ручку и евроцилиндр.  
Рекомендации по использованию с другими товарами (приобретаются отдельно): 
- цилиндровый механизм; 
- ручки на планке под евроцилиндр с межосевым расстоянием 85 мм; 
- ручки раздельные совместно с цилиндровыми накладками: 
- ручки раздельные совместно с броненакладками или защитными накладками на цилиндровый механизм. 
Замок  T-37/S6-CR - замок врезной под сувальдный ключ.  
Рекомендации по использованию с другими товарами (приобретаются отдельно): 
- накладки сувальдные.",Avers,0523,AB,box,10,,general,yes,no,faceplate,60.0,80.0,cylindrical,3,25.0,18.0,cylindrical,,,not included,,,33x17,0.0,0.0,0.0,0.0,0.0,0.0,0.0
00017206,Замок врезной Avers 0823/60-C-G,"Описание серии Врезные замки Avers серии 08 с ручками на планке и цилиндровым механизмом уменьшенного профиля 29,5 мм для легких деревянных дверей малой проходимости, с межосевым расстоянием 50 мм.  
Материал ручек на планке и цилиндрового механизма: алюминий. 
Рекомендуемая толщина двери: не более 36 мм. 
При необходимости замены цилиндра, рекомендуем приобрести цилиндровый механизм Avers серии LL.",Avers,0823/60,G,box,24,,general,no,yes,faceplate,40.0,50.0,classic/rectangular,,16.0,0.0,cylindrical,flat key,5,included,30/30,aluminum,33x17,0.0,0.0,0.0,0.0,0.0,0.0,0.0
00017397,Замок врезной Apecs 1523/60-AC,"Описание серии Замки Apecs серии 15 - универсальные врезные замки под ручку и евроцилиндр для деревянных межкомнатных и входных дверей с межосевым расстоянием 70 мм.  
Замки имеют сертификат соответствия согласно ГОСТ 5089-2011. 
Рекомендуемая толщина двери: 35 - 40 мм. 
Рекомендуемый вес двери: до 50 кг.",Apecs,1523/60,AC,box,20,,general,yes,yes,faceplate,45.0,70.0,cylindrical,3,20.0,12.0,cylindrical,flat key,5,included,30/30,brass,33x17,0.0,0.0,0.0,0.0,0.0,0.0,0.0
00011448,Замок врезной Apecs 1425-G,"Описание серии Замки Apecs серии 14 - универсальные врезные замки под ручку и евроцилиндр для деревянных и  металлических входных дверей с межосевым расстоянием 58,5 мм. По посадочным размерам замки 14 серия подходят для замены замков ТНП25-0004 (Барановичи-ШО-25) и их аналогов. 
Замки имеют сертификат соответствия согласно ГОСТ 5089-2011. 
Рекомендуемая толщина двери: 40 - 60 мм. 
Рекомендации по использованию с другими товарами: 
- механизм секретности  3 класса согласно ГОСТ и выше; 
- ответная планка Apecs BP-1425 при установке замка в деревянные двери.",Apecs,1425,G,box,12,,general,yes,yes,faceplate,55.0,58.5,classic/rectangular,,20.0,0.0,cylindrical,,,not included,,,33x17,0.0,0.0,0.0,0.0,0.0,0.0,0.0
00016654,Замок врезной Apecs 7000-45-R-NI,"Описание серии Врезные замки для дверей из ПВХ профиля. 
Ассортимент представлен моделями с роликовым фиксатором (индекс ""R"")  и моделями под ручку с фалевой защелкой. 
Замки имеют сертификат соответствия согласно ГОСТ 5089-2011. 
Замки не комплектуются ответной планкой.  
Удаление ключевого отверстия (Backset): 25, 30, 35, 40 и 45 мм. 
В корпусах с Backset 35, 40, 45 мм имеются отверстия для крепления раздельных ручек стяжными винтами, посадочный размер 38 мм. 
Рекомендации по использованию с другими товарами (приобретаются отдельно): 
- механизм секретности  2 класса согласно ГОСТ и выше; 
- 00016666 ручки на планке Apecs HP-92.7005-W; 
- 00016992 ручки дверные Apecs H-0931-W; 
- 00016822 накладки цилиндровые Apecs DP-C-09-W; 
- 00017881 ручки дверные Apecs H-0903-INOX 
- 00017882 накладки цилиндровые Apecs DP-C-09-INOX; 
- 00027547 ответная планка Apecs BP-7000-ZN.",Apecs,7000,NI,pack,30,,PVC profile doors,yes,yes,faceplate,45.0,0.0,classic/rectangular,,20.0,0.0,cylindrical,,,not included,,,33x17,0.0,0.0,0.0,0.0,0.0,0.0,0.0
00015806,Замок врезной Apecs 1323/60-NI,"Описание серии Замки Apecs серии 13 - универсальные врезные замки под ручку и евроцилиндр для деревянных и  металлических входных дверей с межосевым расстоянием 80 мм.  
Замки имеют сертификат соответствия согласно ГОСТ 5089-2011. 
Рекомендуемая толщина двери: 35 - 40 мм. 
Рекомендуемый вес двери: до 50 кг.",Apecs,1323/60,NI,box,16,,general,yes,yes,faceplate,40.0,80.0,classic/rectangular,,20.0,0.0,cylindrical,flat key,5,included,30/30,brass,33x17,0.0,0.0,0.0,0.0,0.0,0.0,0.0
00017202,Замок врезной Avers 0823/60-G,"Описание серии Врезные замки Avers серии 08 с ручками на планке и цилиндровым механизмом уменьшенного профиля 29,5 мм для легких деревянных дверей малой проходимости, с межосевым расстоянием 50 мм.  
Материал ручек на планке и цилиндрового механизма: алюминий. 
Рекомендуемая толщина двери: не более 36 мм. 
При необходимости замены цилиндра, рекомендуем приобрести цилиндровый механизм Avers серии LL.",Avers,0823/60,G,box,24,,general,no,yes,faceplate,40.0,50.0,classic/rectangular,,16.0,0.0,cylindrical,flat key,5,included,30/30,aluminum,33x17,0.0,0.0,0.0,0.0,0.0,0.0,0.0
00002876,Замок врезной Apecs 2210/60-B/G,"Описание серии Замки Apecs серии 22 -  универсальные врезные замки под ручку и евроцилиндр для деревянных межкомнатных и входных дверей с межосевым расстоянием 85 мм.  
Замки имеют сертификат соответствия согласно ГОСТ 5089-2011. 
В замках серии 22 присутствует подшипник в узле ручки, обеспечивающий плавность хода и долгий ресурс службы.  
Рекомендуемая толщина двери: 35 - 40 мм. 
Рекомендуемый вес двери: до 50 кг.",Apecs,2210/60,G,box,12,,general,yes,yes,faceplate,45.0,85.0,cylindrical,3,20.0,12.0,cylindrical,flat key,5,included,30/30,brass,33x17,0.0,0.0,0.0,0.0,0.0,0.0,0.0
00015575,Замок врезной Apecs 1023/60-G,"Описание серии Замки Apecs серии 10 - универсальные врезные замки под ручку и евроцилиндр для деревянных межкомнатных и входных дверей с межосевым расстоянием 61,5 мм.  
Замки имеют сертификат соответствия согласно ГОСТ 5089-2011. 
В замках 1023/60 и 1027/60 присутствует подшипник в узле ручки, обеспечивающий плавность хода и долгий ресурс службы.  
Рекомендуемая толщина двери: 35 - 40 мм. 
Рекомендуемый вес двери: до 50 кг.",Apecs,1023/60,G,box,20,,general,yes,yes,faceplate,40.0,61.5,cylindrical,3,18.0,12.0,cylindrical,flat key,5,included,30/30,brass,33x17,0.0,0.0,0.0,0.0,0.0,0.0,0.0
